
sourcing "nvim_exec2()"
finished sourcing nvim_exec2()
sourcing "/nix/store/g2fc5ikh6hnm5mhwbly2agcv01hn9fqk-neovim-unwrapped-0.11.4/share/nvim/runtime/ftplugin.vim"
finished sourcing /nix/store/g2fc5ikh6hnm5mhwbly2agcv01hn9fqk-neovim-unwrapped-0.11.4/share/nvim/runtime/ftplugin.vim
sourcing "/nix/store/g2fc5ikh6hnm5mhwbly2agcv01hn9fqk-neovim-unwrapped-0.11.4/share/nvim/runtime/indent.vim"
finished sourcing /nix/store/g2fc5ikh6hnm5mhwbly2agcv01hn9fqk-neovim-unwrapped-0.11.4/share/nvim/runtime/indent.vim
sourcing "/nix/store/4j3ikf0rp2lgd9gqf79vinlqfwh465db-init.lua"
line 0: sourcing "nvim_exec2() called at /nix/store/4j3ikf0rp2lgd9gqf79vinlqfwh465db-init.lua:0"
line 3: sourcing "/nix/store/9z1bymfdzlcj4sd1panwp6vvg9xjvsfw-vim-pack-dir/pack/myNeovimPackages/start/tokyonight.nvim/colors/tokyonight.lua"
finished sourcing /nix/store/9z1bymfdzlcj4sd1panwp6vvg9xjvsfw-vim-pack-dir/pack/myNeovimPackages/start/tokyonight.nvim/colors/tokyonight.lua
continuing in nvim_exec2() called at /nix/store/4j3ikf0rp2lgd9gqf79vinlqfwh465db-init.lua:0
finished sourcing nvim_exec2() called at /nix/store/4j3ikf0rp2lgd9gqf79vinlqfwh465db-init.lua:0
continuing in /nix/store/4j3ikf0rp2lgd9gqf79vinlqfwh465db-init.lua
line 0: sourcing "nvim_exec2() called at /nix/store/4j3ikf0rp2lgd9gqf79vinlqfwh465db-init.lua:0"
finished sourcing nvim_exec2() called at /nix/store/4j3ikf0rp2lgd9gqf79vinlqfwh465db-init.lua:0
continuing in /nix/store/4j3ikf0rp2lgd9gqf79vinlqfwh465db-init.lua
line 0: sourcing "nvim_exec2() called at /nix/store/4j3ikf0rp2lgd9gqf79vinlqfwh465db-init.lua:0"
finished sourcing nvim_exec2() called at /nix/store/4j3ikf0rp2lgd9gqf79vinlqfwh465db-init.lua:0
continuing in /nix/store/4j3ikf0rp2lgd9gqf79vinlqfwh465db-init.lua
line 0: sourcing "nvim_exec2() called at /nix/store/4j3ikf0rp2lgd9gqf79vinlqfwh465db-init.lua:0"
finished sourcing nvim_exec2() called at /nix/store/4j3ikf0rp2lgd9gqf79vinlqfwh465db-init.lua:0
continuing in /nix/store/4j3ikf0rp2lgd9gqf79vinlqfwh465db-init.lua
line 0: sourcing "nvim_exec2() called at /nix/store/4j3ikf0rp2lgd9gqf79vinlqfwh465db-init.lua:0"
finished sourcing nvim_exec2() called at /nix/store/4j3ikf0rp2lgd9gqf79vinlqfwh465db-init.lua:0
continuing in /nix/store/4j3ikf0rp2lgd9gqf79vinlqfwh465db-init.lua
line 0: sourcing "nvim_exec2() called at /nix/store/4j3ikf0rp2lgd9gqf79vinlqfwh465db-init.lua:0"
finished sourcing nvim_exec2() called at /nix/store/4j3ikf0rp2lgd9gqf79vinlqfwh465db-init.lua:0
continuing in /nix/store/4j3ikf0rp2lgd9gqf79vinlqfwh465db-init.lua
line 0: sourcing "nvim_exec2() called at /nix/store/4j3ikf0rp2lgd9gqf79vinlqfwh465db-init.lua:0"
finished sourcing nvim_exec2() called at /nix/store/4j3ikf0rp2lgd9gqf79vinlqfwh465db-init.lua:0
continuing in /nix/store/4j3ikf0rp2lgd9gqf79vinlqfwh465db-init.lua
line 0: sourcing "nvim_exec2() called at /nix/store/4j3ikf0rp2lgd9gqf79vinlqfwh465db-init.lua:0"
finished sourcing nvim_exec2() called at /nix/store/4j3ikf0rp2lgd9gqf79vinlqfwh465db-init.lua:0
continuing in /nix/store/4j3ikf0rp2lgd9gqf79vinlqfwh465db-init.lua
line 0: sourcing "nvim_exec2() called at /nix/store/4j3ikf0rp2lgd9gqf79vinlqfwh465db-init.lua:0"
finished sourcing nvim_exec2() called at /nix/store/4j3ikf0rp2lgd9gqf79vinlqfwh465db-init.lua:0
continuing in /nix/store/4j3ikf0rp2lgd9gqf79vinlqfwh465db-init.lua
line 0: sourcing "nvim_exec2() called at /nix/store/4j3ikf0rp2lgd9gqf79vinlqfwh465db-init.lua:0"
finished sourcing nvim_exec2() called at /nix/store/4j3ikf0rp2lgd9gqf79vinlqfwh465db-init.lua:0
continuing in /nix/store/4j3ikf0rp2lgd9gqf79vinlqfwh465db-init.lua
line 0: sourcing "nvim_exec2() called at /nix/store/4j3ikf0rp2lgd9gqf79vinlqfwh465db-init.lua:0"
finished sourcing nvim_exec2() called at /nix/store/4j3ikf0rp2lgd9gqf79vinlqfwh465db-init.lua:0
continuing in /nix/store/4j3ikf0rp2lgd9gqf79vinlqfwh465db-init.lua
line 0: sourcing "nvim_exec2() called at /nix/store/4j3ikf0rp2lgd9gqf79vinlqfwh465db-init.lua:0"
finished sourcing nvim_exec2() called at /nix/store/4j3ikf0rp2lgd9gqf79vinlqfwh465db-init.lua:0
continuing in /nix/store/4j3ikf0rp2lgd9gqf79vinlqfwh465db-init.lua
line 0: sourcing "nvim_exec2() called at /nix/store/4j3ikf0rp2lgd9gqf79vinlqfwh465db-init.lua:0"
finished sourcing nvim_exec2() called at /nix/store/4j3ikf0rp2lgd9gqf79vinlqfwh465db-init.lua:0
continuing in /nix/store/4j3ikf0rp2lgd9gqf79vinlqfwh465db-init.lua
line 0: sourcing "nvim_exec2() called at /nix/store/4j3ikf0rp2lgd9gqf79vinlqfwh465db-init.lua:0"
finished sourcing nvim_exec2() called at /nix/store/4j3ikf0rp2lgd9gqf79vinlqfwh465db-init.lua:0
continuing in /nix/store/4j3ikf0rp2lgd9gqf79vinlqfwh465db-init.lua
line 0: sourcing "nvim_exec2() called at /nix/store/4j3ikf0rp2lgd9gqf79vinlqfwh465db-init.lua:0"
finished sourcing nvim_exec2() called at /nix/store/4j3ikf0rp2lgd9gqf79vinlqfwh465db-init.lua:0
continuing in /nix/store/4j3ikf0rp2lgd9gqf79vinlqfwh465db-init.lua
line 0: sourcing "nvim_exec2() called at /nix/store/4j3ikf0rp2lgd9gqf79vinlqfwh465db-init.lua:0"
finished sourcing nvim_exec2() called at /nix/store/4j3ikf0rp2lgd9gqf79vinlqfwh465db-init.lua:0
continuing in /nix/store/4j3ikf0rp2lgd9gqf79vinlqfwh465db-init.lua
line 0: sourcing "nvim_exec2() called at /nix/store/4j3ikf0rp2lgd9gqf79vinlqfwh465db-init.lua:0"
finished sourcing nvim_exec2() called at /nix/store/4j3ikf0rp2lgd9gqf79vinlqfwh465db-init.lua:0
continuing in /nix/store/4j3ikf0rp2lgd9gqf79vinlqfwh465db-init.lua
line 0: sourcing "nvim_exec2() called at /nix/store/4j3ikf0rp2lgd9gqf79vinlqfwh465db-init.lua:0"
finished sourcing nvim_exec2() called at /nix/store/4j3ikf0rp2lgd9gqf79vinlqfwh465db-init.lua:0
continuing in /nix/store/4j3ikf0rp2lgd9gqf79vinlqfwh465db-init.lua
line 0: sourcing "nvim_exec2() called at /nix/store/4j3ikf0rp2lgd9gqf79vinlqfwh465db-init.lua:0"
finished sourcing nvim_exec2() called at /nix/store/4j3ikf0rp2lgd9gqf79vinlqfwh465db-init.lua:0
continuing in /nix/store/4j3ikf0rp2lgd9gqf79vinlqfwh465db-init.lua
line 0: sourcing "nvim_exec2() called at /nix/store/4j3ikf0rp2lgd9gqf79vinlqfwh465db-init.lua:0"
finished sourcing nvim_exec2() called at /nix/store/4j3ikf0rp2lgd9gqf79vinlqfwh465db-init.lua:0
continuing in /nix/store/4j3ikf0rp2lgd9gqf79vinlqfwh465db-init.lua
line 0: sourcing "nvim_exec2() called at /nix/store/4j3ikf0rp2lgd9gqf79vinlqfwh465db-init.lua:0"
finished sourcing nvim_exec2() called at /nix/store/4j3ikf0rp2lgd9gqf79vinlqfwh465db-init.lua:0
continuing in /nix/store/4j3ikf0rp2lgd9gqf79vinlqfwh465db-init.lua
line 0: sourcing "nvim_exec2() called at /nix/store/4j3ikf0rp2lgd9gqf79vinlqfwh465db-init.lua:0"
finished sourcing nvim_exec2() called at /nix/store/4j3ikf0rp2lgd9gqf79vinlqfwh465db-init.lua:0
continuing in /nix/store/4j3ikf0rp2lgd9gqf79vinlqfwh465db-init.lua
line 0: sourcing "nvim_exec2() called at /nix/store/4j3ikf0rp2lgd9gqf79vinlqfwh465db-init.lua:0"
finished sourcing nvim_exec2() called at /nix/store/4j3ikf0rp2lgd9gqf79vinlqfwh465db-init.lua:0
continuing in /nix/store/4j3ikf0rp2lgd9gqf79vinlqfwh465db-init.lua
line 0: sourcing "nvim_exec2() called at /nix/store/4j3ikf0rp2lgd9gqf79vinlqfwh465db-init.lua:0"
finished sourcing nvim_exec2() called at /nix/store/4j3ikf0rp2lgd9gqf79vinlqfwh465db-init.lua:0
continuing in /nix/store/4j3ikf0rp2lgd9gqf79vinlqfwh465db-init.lua
line 0: sourcing "nvim_exec2() called at /nix/store/4j3ikf0rp2lgd9gqf79vinlqfwh465db-init.lua:0"
--- Autocommands ---
finished sourcing nvim_exec2() called at /nix/store/4j3ikf0rp2lgd9gqf79vinlqfwh465db-init.lua:0
continuing in /nix/store/4j3ikf0rp2lgd9gqf79vinlqfwh465db-init.lua
line 0: sourcing "nvim_exec2() called at /nix/store/4j3ikf0rp2lgd9gqf79vinlqfwh465db-init.lua:0"
finished sourcing nvim_exec2() called at /nix/store/4j3ikf0rp2lgd9gqf79vinlqfwh465db-init.lua:0
continuing in /nix/store/4j3ikf0rp2lgd9gqf79vinlqfwh465db-init.lua
line 0: sourcing "nvim_exec2() called at /nix/store/4j3ikf0rp2lgd9gqf79vinlqfwh465db-init.lua:0"
finished sourcing nvim_exec2() called at /nix/store/4j3ikf0rp2lgd9gqf79vinlqfwh465db-init.lua:0
continuing in /nix/store/4j3ikf0rp2lgd9gqf79vinlqfwh465db-init.lua
line 0: sourcing "nvim_exec2() called at /nix/store/4j3ikf0rp2lgd9gqf79vinlqfwh465db-init.lua:0"
finished sourcing nvim_exec2() called at /nix/store/4j3ikf0rp2lgd9gqf79vinlqfwh465db-init.lua:0
continuing in /nix/store/4j3ikf0rp2lgd9gqf79vinlqfwh465db-init.lua
line 0: sourcing "nvim_exec2() called at /nix/store/4j3ikf0rp2lgd9gqf79vinlqfwh465db-init.lua:0"
finished sourcing nvim_exec2() called at /nix/store/4j3ikf0rp2lgd9gqf79vinlqfwh465db-init.lua:0
continuing in /nix/store/4j3ikf0rp2lgd9gqf79vinlqfwh465db-init.lua
line 0: sourcing "nvim_exec2() called at /nix/store/4j3ikf0rp2lgd9gqf79vinlqfwh465db-init.lua:0"
finished sourcing nvim_exec2() called at /nix/store/4j3ikf0rp2lgd9gqf79vinlqfwh465db-init.lua:0
continuing in /nix/store/4j3ikf0rp2lgd9gqf79vinlqfwh465db-init.lua
line 0: sourcing "nvim_exec2() called at /nix/store/4j3ikf0rp2lgd9gqf79vinlqfwh465db-init.lua:0"
finished sourcing nvim_exec2() called at /nix/store/4j3ikf0rp2lgd9gqf79vinlqfwh465db-init.lua:0
continuing in /nix/store/4j3ikf0rp2lgd9gqf79vinlqfwh465db-init.lua
line 0: sourcing "nvim_exec2() called at /nix/store/4j3ikf0rp2lgd9gqf79vinlqfwh465db-init.lua:0"
finished sourcing nvim_exec2() called at /nix/store/4j3ikf0rp2lgd9gqf79vinlqfwh465db-init.lua:0
continuing in /nix/store/4j3ikf0rp2lgd9gqf79vinlqfwh465db-init.lua
line 0: sourcing "nvim_exec2() called at /nix/store/4j3ikf0rp2lgd9gqf79vinlqfwh465db-init.lua:0"
finished sourcing nvim_exec2() called at /nix/store/4j3ikf0rp2lgd9gqf79vinlqfwh465db-init.lua:0
continuing in /nix/store/4j3ikf0rp2lgd9gqf79vinlqfwh465db-init.lua
line 0: sourcing "nvim_exec2() called at /nix/store/4j3ikf0rp2lgd9gqf79vinlqfwh465db-init.lua:0"
finished sourcing nvim_exec2() called at /nix/store/4j3ikf0rp2lgd9gqf79vinlqfwh465db-init.lua:0
continuing in /nix/store/4j3ikf0rp2lgd9gqf79vinlqfwh465db-init.lua
line 0: sourcing "nvim_exec2() called at /nix/store/4j3ikf0rp2lgd9gqf79vinlqfwh465db-init.lua:0"
finished sourcing nvim_exec2() called at /nix/store/4j3ikf0rp2lgd9gqf79vinlqfwh465db-init.lua:0
continuing in /nix/store/4j3ikf0rp2lgd9gqf79vinlqfwh465db-init.lua
line 0: sourcing "nvim_exec2() called at /nix/store/4j3ikf0rp2lgd9gqf79vinlqfwh465db-init.lua:0"
finished sourcing nvim_exec2() called at /nix/store/4j3ikf0rp2lgd9gqf79vinlqfwh465db-init.lua:0
continuing in /nix/store/4j3ikf0rp2lgd9gqf79vinlqfwh465db-init.lua
line 0: sourcing "nvim_exec2() called at /nix/store/4j3ikf0rp2lgd9gqf79vinlqfwh465db-init.lua:0"
finished sourcing nvim_exec2() called at /nix/store/4j3ikf0rp2lgd9gqf79vinlqfwh465db-init.lua:0
continuing in /nix/store/4j3ikf0rp2lgd9gqf79vinlqfwh465db-init.lua
line 0: sourcing "nvim_exec2() called at /nix/store/4j3ikf0rp2lgd9gqf79vinlqfwh465db-init.lua:0"
finished sourcing nvim_exec2() called at /nix/store/4j3ikf0rp2lgd9gqf79vinlqfwh465db-init.lua:0
continuing in /nix/store/4j3ikf0rp2lgd9gqf79vinlqfwh465db-init.lua
line 0: sourcing "nvim_exec2() called at /nix/store/4j3ikf0rp2lgd9gqf79vinlqfwh465db-init.lua:0"
finished sourcing nvim_exec2() called at /nix/store/4j3ikf0rp2lgd9gqf79vinlqfwh465db-init.lua:0
continuing in /nix/store/4j3ikf0rp2lgd9gqf79vinlqfwh465db-init.lua
line 0: sourcing "nvim_exec2() called at /nix/store/4j3ikf0rp2lgd9gqf79vinlqfwh465db-init.lua:0"
finished sourcing nvim_exec2() called at /nix/store/4j3ikf0rp2lgd9gqf79vinlqfwh465db-init.lua:0
continuing in /nix/store/4j3ikf0rp2lgd9gqf79vinlqfwh465db-init.lua
line 0: sourcing "nvim_exec2() called at /nix/store/4j3ikf0rp2lgd9gqf79vinlqfwh465db-init.lua:0"
finished sourcing nvim_exec2() called at /nix/store/4j3ikf0rp2lgd9gqf79vinlqfwh465db-init.lua:0
continuing in /nix/store/4j3ikf0rp2lgd9gqf79vinlqfwh465db-init.lua
line 0: sourcing "nvim_exec2() called at /nix/store/4j3ikf0rp2lgd9gqf79vinlqfwh465db-init.lua:0"
finished sourcing nvim_exec2() called at /nix/store/4j3ikf0rp2lgd9gqf79vinlqfwh465db-init.lua:0
continuing in /nix/store/4j3ikf0rp2lgd9gqf79vinlqfwh465db-init.lua
line 0: sourcing "nvim_exec2() called at /nix/store/4j3ikf0rp2lgd9gqf79vinlqfwh465db-init.lua:0"
finished sourcing nvim_exec2() called at /nix/store/4j3ikf0rp2lgd9gqf79vinlqfwh465db-init.lua:0
continuing in /nix/store/4j3ikf0rp2lgd9gqf79vinlqfwh465db-init.lua
line 0: sourcing "nvim_exec2() called at /nix/store/4j3ikf0rp2lgd9gqf79vinlqfwh465db-init.lua:0"
finished sourcing nvim_exec2() called at /nix/store/4j3ikf0rp2lgd9gqf79vinlqfwh465db-init.lua:0
continuing in /nix/store/4j3ikf0rp2lgd9gqf79vinlqfwh465db-init.lua
line 0: sourcing "nvim_exec2() called at /nix/store/4j3ikf0rp2lgd9gqf79vinlqfwh465db-init.lua:0"
finished sourcing nvim_exec2() called at /nix/store/4j3ikf0rp2lgd9gqf79vinlqfwh465db-init.lua:0
continuing in /nix/store/4j3ikf0rp2lgd9gqf79vinlqfwh465db-init.lua
line 0: sourcing "nvim_exec2() called at /nix/store/4j3ikf0rp2lgd9gqf79vinlqfwh465db-init.lua:0"
finished sourcing nvim_exec2() called at /nix/store/4j3ikf0rp2lgd9gqf79vinlqfwh465db-init.lua:0
continuing in /nix/store/4j3ikf0rp2lgd9gqf79vinlqfwh465db-init.lua
line 0: sourcing "nvim_exec2() called at /nix/store/4j3ikf0rp2lgd9gqf79vinlqfwh465db-init.lua:0"
finished sourcing nvim_exec2() called at /nix/store/4j3ikf0rp2lgd9gqf79vinlqfwh465db-init.lua:0
continuing in /nix/store/4j3ikf0rp2lgd9gqf79vinlqfwh465db-init.lua
line 0: sourcing "nvim_exec2() called at /nix/store/4j3ikf0rp2lgd9gqf79vinlqfwh465db-init.lua:0"
--- Autocommands ---
lualine  BufEnter
    *         lua require'lualine.components.branch.git_branch'.find_git_dir()
	Last set from /nix/store/falwbsrmndhklcwxjwi25il9cvxxb2zr-vimplugin-luajit2.1-lualine.nvim-scm-1-unstable-scm-1/lua/lualine/utils/utils.lua line 98
finished sourcing nvim_exec2() called at /nix/store/4j3ikf0rp2lgd9gqf79vinlqfwh465db-init.lua:0
continuing in /nix/store/4j3ikf0rp2lgd9gqf79vinlqfwh465db-init.lua
line 0: sourcing "nvim_exec2() called at /nix/store/4j3ikf0rp2lgd9gqf79vinlqfwh465db-init.lua:0"
finished sourcing nvim_exec2() called at /nix/store/4j3ikf0rp2lgd9gqf79vinlqfwh465db-init.lua:0
continuing in /nix/store/4j3ikf0rp2lgd9gqf79vinlqfwh465db-init.lua
line 0: sourcing "nvim_exec2() called at /nix/store/4j3ikf0rp2lgd9gqf79vinlqfwh465db-init.lua:0"
--- Autocommands ---
finished sourcing nvim_exec2() called at /nix/store/4j3ikf0rp2lgd9gqf79vinlqfwh465db-init.lua:0
continuing in /nix/store/4j3ikf0rp2lgd9gqf79vinlqfwh465db-init.lua
line 0: sourcing "nvim_exec2() called at /nix/store/4j3ikf0rp2lgd9gqf79vinlqfwh465db-init.lua:0"
finished sourcing nvim_exec2() called at /nix/store/4j3ikf0rp2lgd9gqf79vinlqfwh465db-init.lua:0
continuing in /nix/store/4j3ikf0rp2lgd9gqf79vinlqfwh465db-init.lua
line 0: sourcing "nvim_exec2() called at /nix/store/4j3ikf0rp2lgd9gqf79vinlqfwh465db-init.lua:0"
finished sourcing nvim_exec2() called at /nix/store/4j3ikf0rp2lgd9gqf79vinlqfwh465db-init.lua:0
continuing in /nix/store/4j3ikf0rp2lgd9gqf79vinlqfwh465db-init.lua
line 0: sourcing "nvim_exec2() called at /nix/store/4j3ikf0rp2lgd9gqf79vinlqfwh465db-init.lua:0"
finished sourcing nvim_exec2() called at /nix/store/4j3ikf0rp2lgd9gqf79vinlqfwh465db-init.lua:0
continuing in /nix/store/4j3ikf0rp2lgd9gqf79vinlqfwh465db-init.lua
line 0: sourcing "nvim_exec2() called at /nix/store/4j3ikf0rp2lgd9gqf79vinlqfwh465db-init.lua:0"
finished sourcing nvim_exec2() called at /nix/store/4j3ikf0rp2lgd9gqf79vinlqfwh465db-init.lua:0
continuing in /nix/store/4j3ikf0rp2lgd9gqf79vinlqfwh465db-init.lua
line 0: sourcing "nvim_exec2() called at /nix/store/4j3ikf0rp2lgd9gqf79vinlqfwh465db-init.lua:0"
finished sourcing nvim_exec2() called at /nix/store/4j3ikf0rp2lgd9gqf79vinlqfwh465db-init.lua:0
continuing in /nix/store/4j3ikf0rp2lgd9gqf79vinlqfwh465db-init.lua
line 0: sourcing "nvim_exec2() called at /nix/store/4j3ikf0rp2lgd9gqf79vinlqfwh465db-init.lua:0"
finished sourcing nvim_exec2() called at /nix/store/4j3ikf0rp2lgd9gqf79vinlqfwh465db-init.lua:0
continuing in /nix/store/4j3ikf0rp2lgd9gqf79vinlqfwh465db-init.lua
line 0: sourcing "nvim_exec2() called at /nix/store/4j3ikf0rp2lgd9gqf79vinlqfwh465db-init.lua:0"
finished sourcing nvim_exec2() called at /nix/store/4j3ikf0rp2lgd9gqf79vinlqfwh465db-init.lua:0
continuing in /nix/store/4j3ikf0rp2lgd9gqf79vinlqfwh465db-init.lua
line 0: sourcing "nvim_exec2() called at /nix/store/4j3ikf0rp2lgd9gqf79vinlqfwh465db-init.lua:0"
finished sourcing nvim_exec2() called at /nix/store/4j3ikf0rp2lgd9gqf79vinlqfwh465db-init.lua:0
continuing in /nix/store/4j3ikf0rp2lgd9gqf79vinlqfwh465db-init.lua
line 0: sourcing "nvim_exec2() called at /nix/store/4j3ikf0rp2lgd9gqf79vinlqfwh465db-init.lua:0"
finished sourcing nvim_exec2() called at /nix/store/4j3ikf0rp2lgd9gqf79vinlqfwh465db-init.lua:0
continuing in /nix/store/4j3ikf0rp2lgd9gqf79vinlqfwh465db-init.lua
line 0: sourcing "nvim_exec2() called at /nix/store/4j3ikf0rp2lgd9gqf79vinlqfwh465db-init.lua:0"
finished sourcing nvim_exec2() called at /nix/store/4j3ikf0rp2lgd9gqf79vinlqfwh465db-init.lua:0
continuing in /nix/store/4j3ikf0rp2lgd9gqf79vinlqfwh465db-init.lua
line 0: sourcing "nvim_exec2() called at /nix/store/4j3ikf0rp2lgd9gqf79vinlqfwh465db-init.lua:0"
finished sourcing nvim_exec2() called at /nix/store/4j3ikf0rp2lgd9gqf79vinlqfwh465db-init.lua:0
continuing in /nix/store/4j3ikf0rp2lgd9gqf79vinlqfwh465db-init.lua
line 0: sourcing "nvim_exec2() called at /nix/store/4j3ikf0rp2lgd9gqf79vinlqfwh465db-init.lua:0"
finished sourcing nvim_exec2() called at /nix/store/4j3ikf0rp2lgd9gqf79vinlqfwh465db-init.lua:0
continuing in /nix/store/4j3ikf0rp2lgd9gqf79vinlqfwh465db-init.lua
line 0: sourcing "nvim_exec2() called at /nix/store/4j3ikf0rp2lgd9gqf79vinlqfwh465db-init.lua:0"
finished sourcing nvim_exec2() called at /nix/store/4j3ikf0rp2lgd9gqf79vinlqfwh465db-init.lua:0
continuing in /nix/store/4j3ikf0rp2lgd9gqf79vinlqfwh465db-init.lua
line 0: sourcing "nvim_exec2() called at /nix/store/4j3ikf0rp2lgd9gqf79vinlqfwh465db-init.lua:0"
finished sourcing nvim_exec2() called at /nix/store/4j3ikf0rp2lgd9gqf79vinlqfwh465db-init.lua:0
continuing in /nix/store/4j3ikf0rp2lgd9gqf79vinlqfwh465db-init.lua
line 0: sourcing "nvim_exec2() called at /nix/store/4j3ikf0rp2lgd9gqf79vinlqfwh465db-init.lua:0"
finished sourcing nvim_exec2() called at /nix/store/4j3ikf0rp2lgd9gqf79vinlqfwh465db-init.lua:0
continuing in /nix/store/4j3ikf0rp2lgd9gqf79vinlqfwh465db-init.lua
line 0: sourcing "nvim_exec2() called at /nix/store/4j3ikf0rp2lgd9gqf79vinlqfwh465db-init.lua:0"
finished sourcing nvim_exec2() called at /nix/store/4j3ikf0rp2lgd9gqf79vinlqfwh465db-init.lua:0
continuing in /nix/store/4j3ikf0rp2lgd9gqf79vinlqfwh465db-init.lua
line 0: sourcing "nvim_exec2() called at /nix/store/4j3ikf0rp2lgd9gqf79vinlqfwh465db-init.lua:0"
finished sourcing nvim_exec2() called at /nix/store/4j3ikf0rp2lgd9gqf79vinlqfwh465db-init.lua:0
continuing in /nix/store/4j3ikf0rp2lgd9gqf79vinlqfwh465db-init.lua
line 0: sourcing "nvim_exec2() called at /nix/store/4j3ikf0rp2lgd9gqf79vinlqfwh465db-init.lua:0"
finished sourcing nvim_exec2() called at /nix/store/4j3ikf0rp2lgd9gqf79vinlqfwh465db-init.lua:0
continuing in /nix/store/4j3ikf0rp2lgd9gqf79vinlqfwh465db-init.lua
line 0: sourcing "nvim_exec2() called at /nix/store/4j3ikf0rp2lgd9gqf79vinlqfwh465db-init.lua:0"
finished sourcing nvim_exec2() called at /nix/store/4j3ikf0rp2lgd9gqf79vinlqfwh465db-init.lua:0
continuing in /nix/store/4j3ikf0rp2lgd9gqf79vinlqfwh465db-init.lua
line 0: sourcing "nvim_exec2() called at /nix/store/4j3ikf0rp2lgd9gqf79vinlqfwh465db-init.lua:0"
finished sourcing nvim_exec2() called at /nix/store/4j3ikf0rp2lgd9gqf79vinlqfwh465db-init.lua:0
continuing in /nix/store/4j3ikf0rp2lgd9gqf79vinlqfwh465db-init.lua
line 0: sourcing "nvim_exec2() called at /nix/store/4j3ikf0rp2lgd9gqf79vinlqfwh465db-init.lua:0"
finished sourcing nvim_exec2() called at /nix/store/4j3ikf0rp2lgd9gqf79vinlqfwh465db-init.lua:0
continuing in /nix/store/4j3ikf0rp2lgd9gqf79vinlqfwh465db-init.lua
line 0: sourcing "nvim_exec2() called at /nix/store/4j3ikf0rp2lgd9gqf79vinlqfwh465db-init.lua:0"
finished sourcing nvim_exec2() called at /nix/store/4j3ikf0rp2lgd9gqf79vinlqfwh465db-init.lua:0
continuing in /nix/store/4j3ikf0rp2lgd9gqf79vinlqfwh465db-init.lua
line 0: sourcing "nvim_exec2() called at /nix/store/4j3ikf0rp2lgd9gqf79vinlqfwh465db-init.lua:0"
finished sourcing nvim_exec2() called at /nix/store/4j3ikf0rp2lgd9gqf79vinlqfwh465db-init.lua:0
continuing in /nix/store/4j3ikf0rp2lgd9gqf79vinlqfwh465db-init.lua
line 0: sourcing "nvim_exec2() called at /nix/store/4j3ikf0rp2lgd9gqf79vinlqfwh465db-init.lua:0"
finished sourcing nvim_exec2() called at /nix/store/4j3ikf0rp2lgd9gqf79vinlqfwh465db-init.lua:0
continuing in /nix/store/4j3ikf0rp2lgd9gqf79vinlqfwh465db-init.lua
line 0: sourcing "nvim_exec2() called at /nix/store/4j3ikf0rp2lgd9gqf79vinlqfwh465db-init.lua:0"
finished sourcing nvim_exec2() called at /nix/store/4j3ikf0rp2lgd9gqf79vinlqfwh465db-init.lua:0
continuing in /nix/store/4j3ikf0rp2lgd9gqf79vinlqfwh465db-init.lua
line 0: sourcing "nvim_exec2() called at /nix/store/4j3ikf0rp2lgd9gqf79vinlqfwh465db-init.lua:0"
finished sourcing nvim_exec2() called at /nix/store/4j3ikf0rp2lgd9gqf79vinlqfwh465db-init.lua:0
continuing in /nix/store/4j3ikf0rp2lgd9gqf79vinlqfwh465db-init.lua
line 0: sourcing "nvim_exec2() called at /nix/store/4j3ikf0rp2lgd9gqf79vinlqfwh465db-init.lua:0"
finished sourcing nvim_exec2() called at /nix/store/4j3ikf0rp2lgd9gqf79vinlqfwh465db-init.lua:0
continuing in /nix/store/4j3ikf0rp2lgd9gqf79vinlqfwh465db-init.lua
line 0: sourcing "nvim_exec2() called at /nix/store/4j3ikf0rp2lgd9gqf79vinlqfwh465db-init.lua:0"
finished sourcing nvim_exec2() called at /nix/store/4j3ikf0rp2lgd9gqf79vinlqfwh465db-init.lua:0
continuing in /nix/store/4j3ikf0rp2lgd9gqf79vinlqfwh465db-init.lua
line 0: sourcing "nvim_exec2() called at /nix/store/4j3ikf0rp2lgd9gqf79vinlqfwh465db-init.lua:0"
finished sourcing nvim_exec2() called at /nix/store/4j3ikf0rp2lgd9gqf79vinlqfwh465db-init.lua:0
continuing in /nix/store/4j3ikf0rp2lgd9gqf79vinlqfwh465db-init.lua
line 0: sourcing "nvim_exec2() called at /nix/store/4j3ikf0rp2lgd9gqf79vinlqfwh465db-init.lua:0"
finished sourcing nvim_exec2() called at /nix/store/4j3ikf0rp2lgd9gqf79vinlqfwh465db-init.lua:0
continuing in /nix/store/4j3ikf0rp2lgd9gqf79vinlqfwh465db-init.lua
line 0: sourcing "nvim_exec2() called at /nix/store/4j3ikf0rp2lgd9gqf79vinlqfwh465db-init.lua:0"
--- Autocommands ---
finished sourcing nvim_exec2() called at /nix/store/4j3ikf0rp2lgd9gqf79vinlqfwh465db-init.lua:0
continuing in /nix/store/4j3ikf0rp2lgd9gqf79vinlqfwh465db-init.lua
line 0: sourcing "nvim_exec2() called at /nix/store/4j3ikf0rp2lgd9gqf79vinlqfwh465db-init.lua:0"
finished sourcing nvim_exec2() called at /nix/store/4j3ikf0rp2lgd9gqf79vinlqfwh465db-init.lua:0
continuing in /nix/store/4j3ikf0rp2lgd9gqf79vinlqfwh465db-init.lua
line 0: sourcing "nvim_exec2() called at /nix/store/4j3ikf0rp2lgd9gqf79vinlqfwh465db-init.lua:0"
finished sourcing nvim_exec2() called at /nix/store/4j3ikf0rp2lgd9gqf79vinlqfwh465db-init.lua:0
continuing in /nix/store/4j3ikf0rp2lgd9gqf79vinlqfwh465db-init.lua
line 0: sourcing "nvim_exec2() called at /nix/store/4j3ikf0rp2lgd9gqf79vinlqfwh465db-init.lua:0"
finished sourcing nvim_exec2() called at /nix/store/4j3ikf0rp2lgd9gqf79vinlqfwh465db-init.lua:0
continuing in /nix/store/4j3ikf0rp2lgd9gqf79vinlqfwh465db-init.lua

NVIM v0.11.4
Build type: Release
LuaJIT 2.1.1741730670

   system vimrc file: "$VIM/sysinit.vim"
  fall-back for $VIM: "/nix/store/g2fc5ikh6hnm5mhwbly2agcv01hn9fqk-neovim-unwrapped-0.11.4/share/nvim"

Run :checkhealth for more info
line 0: sourcing "nvim_exec2() called at /nix/store/4j3ikf0rp2lgd9gqf79vinlqfwh465db-init.lua:0"
finished sourcing nvim_exec2() called at /nix/store/4j3ikf0rp2lgd9gqf79vinlqfwh465db-init.lua:0
continuing in /nix/store/4j3ikf0rp2lgd9gqf79vinlqfwh465db-init.lua
                                                                  Movement-mode module loaded!
Movement-mode setup function called!
Movement-mode keymap set: 'm' -> enter_movement_mode
line 0: sourcing "nvim_exec2() called at /nix/store/4j3ikf0rp2lgd9gqf79vinlqfwh465db-init.lua:0"
finished sourcing nvim_exec2() called at /nix/store/4j3ikf0rp2lgd9gqf79vinlqfwh465db-init.lua:0
continuing in /nix/store/4j3ikf0rp2lgd9gqf79vinlqfwh465db-init.lua
finished sourcing /nix/store/4j3ikf0rp2lgd9gqf79vinlqfwh465db-init.lua
sourcing "/nix/store/g2fc5ikh6hnm5mhwbly2agcv01hn9fqk-neovim-unwrapped-0.11.4/share/nvim/runtime/filetype.lua"
line 0: sourcing "nvim_exec2() called at /nix/store/g2fc5ikh6hnm5mhwbly2agcv01hn9fqk-neovim-unwrapped-0.11.4/share/nvim/runtime/filetype.lua:0"
line 2: sourcing "/nix/store/9z1bymfdzlcj4sd1panwp6vvg9xjvsfw-vim-pack-dir/pack/myNeovimPackages/start/nvim-config/ftdetect/natural.vim"
finished sourcing /nix/store/9z1bymfdzlcj4sd1panwp6vvg9xjvsfw-vim-pack-dir/pack/myNeovimPackages/start/nvim-config/ftdetect/natural.vim
continuing in nvim_exec2() called at /nix/store/g2fc5ikh6hnm5mhwbly2agcv01hn9fqk-neovim-unwrapped-0.11.4/share/nvim/runtime/filetype.lua:0
finished sourcing nvim_exec2() called at /nix/store/g2fc5ikh6hnm5mhwbly2agcv01hn9fqk-neovim-unwrapped-0.11.4/share/nvim/runtime/filetype.lua:0
continuing in /nix/store/g2fc5ikh6hnm5mhwbly2agcv01hn9fqk-neovim-unwrapped-0.11.4/share/nvim/runtime/filetype.lua
finished sourcing /nix/store/g2fc5ikh6hnm5mhwbly2agcv01hn9fqk-neovim-unwrapped-0.11.4/share/nvim/runtime/filetype.lua
sourcing "/nix/store/g2fc5ikh6hnm5mhwbly2agcv01hn9fqk-neovim-unwrapped-0.11.4/share/nvim/runtime/syntax/syntax.vim"
line 20: sourcing "/nix/store/g2fc5ikh6hnm5mhwbly2agcv01hn9fqk-neovim-unwrapped-0.11.4/share/nvim/runtime/syntax/synload.vim"
finished sourcing /nix/store/g2fc5ikh6hnm5mhwbly2agcv01hn9fqk-neovim-unwrapped-0.11.4/share/nvim/runtime/syntax/synload.vim
continuing in /nix/store/g2fc5ikh6hnm5mhwbly2agcv01hn9fqk-neovim-unwrapped-0.11.4/share/nvim/runtime/syntax/syntax.vim
Executing FileType Autocommands for "*"
autocommand if !exists('b:ts_highlight') | 0verbose exe "set syntax=" . expand("<amatch>") | endif

finished sourcing /nix/store/g2fc5ikh6hnm5mhwbly2agcv01hn9fqk-neovim-unwrapped-0.11.4/share/nvim/runtime/syntax/syntax.vim
sourcing "/nix/store/g2fc5ikh6hnm5mhwbly2agcv01hn9fqk-neovim-unwrapped-0.11.4/share/nvim/runtime/plugin/gzip.vim"
finished sourcing /nix/store/g2fc5ikh6hnm5mhwbly2agcv01hn9fqk-neovim-unwrapped-0.11.4/share/nvim/runtime/plugin/gzip.vim
sourcing "/nix/store/g2fc5ikh6hnm5mhwbly2agcv01hn9fqk-neovim-unwrapped-0.11.4/share/nvim/runtime/plugin/matchit.vim"
not found in 'packpath': "pack/*/start/matchit"
line 3: sourcing "/nix/store/g2fc5ikh6hnm5mhwbly2agcv01hn9fqk-neovim-unwrapped-0.11.4/share/nvim/runtime/pack/dist/opt/matchit/plugin/matchit.vim"
finished sourcing /nix/store/g2fc5ikh6hnm5mhwbly2agcv01hn9fqk-neovim-unwrapped-0.11.4/share/nvim/runtime/pack/dist/opt/matchit/plugin/matchit.vim
continuing in /nix/store/g2fc5ikh6hnm5mhwbly2agcv01hn9fqk-neovim-unwrapped-0.11.4/share/nvim/runtime/plugin/matchit.vim
finished sourcing /nix/store/g2fc5ikh6hnm5mhwbly2agcv01hn9fqk-neovim-unwrapped-0.11.4/share/nvim/runtime/plugin/matchit.vim
sourcing "/nix/store/g2fc5ikh6hnm5mhwbly2agcv01hn9fqk-neovim-unwrapped-0.11.4/share/nvim/runtime/plugin/matchparen.vim"
finished sourcing /nix/store/g2fc5ikh6hnm5mhwbly2agcv01hn9fqk-neovim-unwrapped-0.11.4/share/nvim/runtime/plugin/matchparen.vim
sourcing "/nix/store/g2fc5ikh6hnm5mhwbly2agcv01hn9fqk-neovim-unwrapped-0.11.4/share/nvim/runtime/plugin/netrwPlugin.vim"
not found in 'packpath': "pack/*/start/netrw"
line 7: sourcing "/nix/store/g2fc5ikh6hnm5mhwbly2agcv01hn9fqk-neovim-unwrapped-0.11.4/share/nvim/runtime/pack/dist/opt/netrw/plugin/netrwPlugin.vim"
finished sourcing /nix/store/g2fc5ikh6hnm5mhwbly2agcv01hn9fqk-neovim-unwrapped-0.11.4/share/nvim/runtime/pack/dist/opt/netrw/plugin/netrwPlugin.vim
continuing in /nix/store/g2fc5ikh6hnm5mhwbly2agcv01hn9fqk-neovim-unwrapped-0.11.4/share/nvim/runtime/plugin/netrwPlugin.vim
finished sourcing /nix/store/g2fc5ikh6hnm5mhwbly2agcv01hn9fqk-neovim-unwrapped-0.11.4/share/nvim/runtime/plugin/netrwPlugin.vim
sourcing "/nix/store/g2fc5ikh6hnm5mhwbly2agcv01hn9fqk-neovim-unwrapped-0.11.4/share/nvim/runtime/plugin/rplugin.vim"
line 3: sourcing "/nix/store/c99iijx3njkczqa79vxafpv8rihbjc09-neovim-0.11.4/rplugin.vim"
finished sourcing /nix/store/c99iijx3njkczqa79vxafpv8rihbjc09-neovim-0.11.4/rplugin.vim
continuing in <SNR>81_LoadRemotePlugins
  1: ~/dev/ftap/ftap/vim/_defaults.lua
  2: /nix/store/g2fc5ikh6hnm5mhwbly2agcv01hn9fqk-neovim-unwrapped-0.11.4/share/nvim/runtime/lua/vim/termcap.lua
  3: /nix/store/g2fc5ikh6hnm5mhwbly2agcv01hn9fqk-neovim-unwrapped-0.11.4/share/nvim/runtime/ftplugin.vim
  4: /nix/store/g2fc5ikh6hnm5mhwbly2agcv01hn9fqk-neovim-unwrapped-0.11.4/share/nvim/runtime/indent.vim
  5: /nix/store/4j3ikf0rp2lgd9gqf79vinlqfwh465db-init.lua
  6: /nix/store/s5w9yyjjvkk4wg8bknnkfn2lm4dc30px-vimplugin-tokyonight.nvim-2025-02-18/colors/tokyonight.lua
  7: /nix/store/s5w9yyjjvkk4wg8bknnkfn2lm4dc30px-vimplugin-tokyonight.nvim-2025-02-18/lua/tokyonight/theme.lua
  8: /nix/store/98qy5f6pdyfixwm11pw7zjwqkfkh66al-vimplugin-luajit2.1-nvim-web-devicons-0.100-1-unstable-0.100-1/lua/nvim-web-devicons.lua
  9: /nix/store/g2fc5ikh6hnm5mhwbly2agcv01hn9fqk-neovim-unwrapped-0.11.4/share/nvim/runtime/lua/vim/lsp.lua
 10: /nix/store/rz9gypc19nnasjlj7alc7xw047g24vgk-vimplugin-blink.cmp-1.7.0/lua/blink/cmp/lib/utils.lua
 11: /nix/store/k7nm8sp0nmkiayx3h4nwzajm83k4y0km-vimplugin-nvim-lspconfig-2025-09-14/lua/lspconfig/configs.lua
 12: /nix/store/g2fc5ikh6hnm5mhwbly2agcv01hn9fqk-neovim-unwrapped-0.11.4/share/nvim/runtime/lua/vim/lsp/inlay_hint.lua
 13: /nix/store/q6v2j7yzy647b1z2n18757c8y25v47dm-vimplugin-zellij-nav.nvim-2025-01-22/lua/zellij-nav/init.lua
 14: /nix/store/22fpvqvs3kn5dhkxwalw423i9swlil0d-vimplugin-which-key.nvim-2025-02-22/lua/which-key/config.lua
 15: /nix/store/2dv6ipj6diijqsp02jz1d0wv0mp9x7p3-vimplugin-trouble.nvim-2025-09-15/lua/trouble/config/highlights.lua
 16: /nix/store/2dv6ipj6diijqsp02jz1d0wv0mp9x7p3-vimplugin-trouble.nvim-2025-09-15/lua/trouble/config/init.lua
 17: /nix/store/2dv6ipj6diijqsp02jz1d0wv0mp9x7p3-vimplugin-trouble.nvim-2025-09-15/lua/trouble/view/main.lua
 18: /nix/store/85asq3a1fabcf40r4qz8akkyj908whrr-vimplugin-nvim-treesitter-context-2025-09-10/lua/treesitter-context.lua
 19: /nix/store/g2fc5ikh6hnm5mhwbly2agcv01hn9fqk-neovim-unwrapped-0.11.4/share/nvim/runtime/lua/vim/treesitter/query.lua
 20: /nix/store/lw0k4wzfvgywaj90v2q0z52pnn2pz4lg-vimplugin-nvim-treesitter-2025-05-24/lua/nvim-treesitter/install.lua
 21: /nix/store/px1b6kcya6760h60ppm7h0p1przv7dmh-vimplugin-toggleterm.nvim-2025-03-09/lua/toggleterm.lua
 22: /nix/store/1wryjsk9n6ayhz5297fd7vv8akwy7x8i-vimplugin-snacks.nvim-2025-09-15/lua/snacks/init.lua
 23: /nix/store/biyfnqmdy7dvpdb2ll1yslv7gad8kdly-vimplugin-nvim-ufo-2025-08-17/lua/ufo/main.lua
 24: /nix/store/biyfnqmdy7dvpdb2ll1yslv7gad8kdly-vimplugin-nvim-ufo-2025-08-17/lua/ufo/highlight.lua
 25: /nix/store/pcgirrmliz02i4v6cw0cijyk3w913836-vimplugin-noice.nvim-2025-02-11/lua/noice/init.lua
 26: /nix/store/falwbsrmndhklcwxjwi25il9cvxxb2zr-vimplugin-luajit2.1-lualine.nvim-scm-1-unstable-scm-1/lua/lualine/highlight.lua
 27: /nix/store/falwbsrmndhklcwxjwi25il9cvxxb2zr-vimplugin-luajit2.1-lualine.nvim-scm-1-unstable-scm-1/lua/lualine.lua
 28: /nix/store/falwbsrmndhklcwxjwi25il9cvxxb2zr-vimplugin-luajit2.1-lualine.nvim-scm-1-unstable-scm-1/lua/lualine/utils/utils.lua
 29: /nix/store/falwbsrmndhklcwxjwi25il9cvxxb2zr-vimplugin-luajit2.1-lualine.nvim-scm-1-unstable-scm-1/lua/lualine/utils/nvim_opts.lua
 30: /nix/store/99mnfss5866wvkz3qbyvn4bsgjrp5afp-vimplugin-lspsaga.nvim-2025-06-25/lua/lspsaga/highlight.lua
 31: /nix/store/99mnfss5866wvkz3qbyvn4bsgjrp5afp-vimplugin-lspsaga.nvim-2025-06-25/lua/lspsaga/codeaction/lightbulb.lua
 32: /nix/store/99mnfss5866wvkz3qbyvn4bsgjrp5afp-vimplugin-lspsaga.nvim-2025-06-25/lua/lspsaga/symbol/head.lua
 33: /nix/store/kiskv0f7kbadias3b2wa9q2fdbvxprav-vimplugin-lsp_signature.nvim-2025-07-31/lua/lsp_signature/init.lua
 34: /nix/store/rji75a0lxhs7gqcll4nlc9f3ia3hwfxr-vimplugin-lsp-format.nvim-2025-05-08/lua/lsp-format/init.lua
 35: /nix/store/5ix7zjhjrg9gdmfgnj8038khaqmqr6yg-vimplugin-indent-blankline.nvim-2025-03-17/lua/ibl/highlights.lua
 36: /nix/store/5ix7zjhjrg9gdmfgnj8038khaqmqr6yg-vimplugin-indent-blankline.nvim-2025-03-17/lua/ibl/autocmds.lua
 37: /nix/store/c7szxn55c9554x8gzy3848zyrr1s31sz-vimplugin-luajit2.1-gitsigns.nvim-scm-1-unstable-scm-1/lua/gitsigns.lua
 38: /nix/store/c7szxn55c9554x8gzy3848zyrr1s31sz-vimplugin-luajit2.1-gitsigns.nvim-scm-1-unstable-scm-1/lua/gitsigns/highlight.lua
 39: /nix/store/k16y59ac5yd7akmpircg8assfyz0zgbd-vimplugin-flash.nvim-2025-02-14/lua/flash/plugins/search.lua
 40: /nix/store/k16y59ac5yd7akmpircg8assfyz0zgbd-vimplugin-flash.nvim-2025-02-14/lua/flash/plugins/char.lua
 41: /nix/store/5rv3i7j0rmkvw9s5h2b1qm81qbb4mpca-vimplugin-edgy.nvim-2024-08-31/lua/edgy/config.lua
 42: /nix/store/5rv3i7j0rmkvw9s5h2b1qm81qbb4mpca-vimplugin-edgy.nvim-2024-08-31/lua/edgy/editor.lua
 43: /nix/store/5rv3i7j0rmkvw9s5h2b1qm81qbb4mpca-vimplugin-edgy.nvim-2024-08-31/lua/edgy/state.lua
 44: /nix/store/5rv3i7j0rmkvw9s5h2b1qm81qbb4mpca-vimplugin-edgy.nvim-2024-08-31/lua/edgy/util.lua
 45: /nix/store/974fdjpzyqr6yl3bhlyx6jsh00mqw92n-vimplugin-easy-dotnet.nvim-2025-09-15/lua/easy-dotnet/init.lua
 46: /nix/store/974fdjpzyqr6yl3bhlyx6jsh00mqw92n-vimplugin-easy-dotnet.nvim-2025-09-15/lua/easy-dotnet/csproj-mappings.lua
 47: /nix/store/974fdjpzyqr6yl3bhlyx6jsh00mqw92n-vimplugin-easy-dotnet.nvim-2025-09-15/lua/easy-dotnet/fsproj-mappings.lua
 48: /nix/store/974fdjpzyqr6yl3bhlyx6jsh00mqw92n-vimplugin-easy-dotnet.nvim-2025-09-15/lua/easy-dotnet/cs-mappings.lua
 49: /nix/store/974fdjpzyqr6yl3bhlyx6jsh00mqw92n-vimplugin-easy-dotnet.nvim-2025-09-15/lua/easy-dotnet/fs-mappings.lua
 50: /nix/store/c92bzjnqxami35x0x8dv1gmck31q4fr8-vimplugin-copilot.lua-2025-09-14/lua/copilot/client/init.lua
 51: /nix/store/c92bzjnqxami35x0x8dv1gmck31q4fr8-vimplugin-copilot.lua-2025-09-14/lua/copilot/panel/init.lua
 52: /nix/store/c92bzjnqxami35x0x8dv1gmck31q4fr8-vimplugin-copilot.lua-2025-09-14/lua/copilot/suggestion/init.lua
 53: /nix/store/9f32c74n6a4hv06gxn5hmqpgrvz5fjlg-vimplugin-comment.nvim-2024-06-09/lua/Comment/init.lua
 54: /nix/store/q50hqrxy3xdk6y6zsqmr4asqjdzrbsgc-vimplugin-avante.nvim-0.0.27-unstable-2025-09-11/lua/avante/highlights.lua
 55: /nix/store/q50hqrxy3xdk6y6zsqmr4asqjdzrbsgc-vimplugin-avante.nvim-0.0.27-unstable-2025-09-11/lua/avante/diff.lua
 56: /nix/store/q50hqrxy3xdk6y6zsqmr4asqjdzrbsgc-vimplugin-avante.nvim-0.0.27-unstable-2025-09-11/lua/avante/providers/init.lua
 57: /nix/store/q50hqrxy3xdk6y6zsqmr4asqjdzrbsgc-vimplugin-avante.nvim-0.0.27-unstable-2025-09-11/lua/avante/init.lua
 58: /nix/store/q50hqrxy3xdk6y6zsqmr4asqjdzrbsgc-vimplugin-avante.nvim-0.0.27-unstable-2025-09-11/lua/avante/utils/init.lua
 59: /nix/store/3ndlkgvqbjfl41f2gj4nziimi2x6mp36-vimplugin-diffview.nvim-2024-06-13/lua/diffview/logger.lua
 60: /nix/store/3ndlkgvqbjfl41f2gj4nziimi2x6mp36-vimplugin-diffview.nvim-2024-06-13/lua/diffview/hl.lua
 61: /nix/store/3ndlkgvqbjfl41f2gj4nziimi2x6mp36-vimplugin-diffview.nvim-2024-06-13/lua/diffview/init.lua
 62: /nix/store/7mj8hj8407ixmasb186bcssi37vhji1i-vimplugin-alpha-nvim-2025-07-09/lua/alpha.lua
 63: /nix/store/k9j88inxfqwrqhgk5ywl1v7lknqbqnnh-vimplugin-movement-mode.nvim/lua/movement-mode.lua
 64: /nix/store/1wryjsk9n6ayhz5297fd7vv8akwy7x8i-vimplugin-snacks.nvim-2025-09-15/lua/snacks/util/init.lua
 65: /nix/store/1wryjsk9n6ayhz5297fd7vv8akwy7x8i-vimplugin-snacks.nvim-2025-09-15/lua/snacks/notifier.lua
 66: /nix/store/jva9iwsgkydsh3rqbg6x4qc18bx7y427-vimplugin-tabby/lua/tabby/module/highlight.lua
 67: /nix/store/jva9iwsgkydsh3rqbg6x4qc18bx7y427-vimplugin-tabby/lua/tabby/feature/win_name.lua
 68: /nix/store/jva9iwsgkydsh3rqbg6x4qc18bx7y427-vimplugin-tabby/lua/tabby/feature/tab_name.lua
 69: /nix/store/jva9iwsgkydsh3rqbg6x4qc18bx7y427-vimplugin-tabby/lua/tabby/tabline.lua
 70: /nix/store/lcfcv1pnl13swa54mpk21qw1ydf9sw2s-vimplugin-telescope-tabs/lua/telescope/_extensions/telescope-tabs/main.lua
 71: /nix/store/g2fc5ikh6hnm5mhwbly2agcv01hn9fqk-neovim-unwrapped-0.11.4/share/nvim/runtime/filetype.lua
 72: /nix/store/ghzcv8ipbx0rj99sljg8ia6bj0y44dvq-nvim-config/ftdetect/natural.vim
 73: /nix/store/g2fc5ikh6hnm5mhwbly2agcv01hn9fqk-neovim-unwrapped-0.11.4/share/nvim/runtime/syntax/syntax.vim
 74: /nix/store/g2fc5ikh6hnm5mhwbly2agcv01hn9fqk-neovim-unwrapped-0.11.4/share/nvim/runtime/syntax/synload.vim
 75: /nix/store/g2fc5ikh6hnm5mhwbly2agcv01hn9fqk-neovim-unwrapped-0.11.4/share/nvim/runtime/plugin/gzip.vim
 76: /nix/store/g2fc5ikh6hnm5mhwbly2agcv01hn9fqk-neovim-unwrapped-0.11.4/share/nvim/runtime/plugin/matchit.vim
 77: /nix/store/g2fc5ikh6hnm5mhwbly2agcv01hn9fqk-neovim-unwrapped-0.11.4/share/nvim/runtime/pack/dist/opt/matchit/plugin/matchit.vim
 78: /nix/store/g2fc5ikh6hnm5mhwbly2agcv01hn9fqk-neovim-unwrapped-0.11.4/share/nvim/runtime/plugin/matchparen.vim
 79: /nix/store/g2fc5ikh6hnm5mhwbly2agcv01hn9fqk-neovim-unwrapped-0.11.4/share/nvim/runtime/plugin/netrwPlugin.vim
 80: /nix/store/g2fc5ikh6hnm5mhwbly2agcv01hn9fqk-neovim-unwrapped-0.11.4/share/nvim/runtime/pack/dist/opt/netrw/plugin/netrwPlugin.vim
 81: /nix/store/g2fc5ikh6hnm5mhwbly2agcv01hn9fqk-neovim-unwrapped-0.11.4/share/nvim/runtime/plugin/rplugin.vim
 82: /nix/store/c99iijx3njkczqa79vxafpv8rihbjc09-neovim-0.11.4/rplugin.vim
finished sourcing /nix/store/g2fc5ikh6hnm5mhwbly2agcv01hn9fqk-neovim-unwrapped-0.11.4/share/nvim/runtime/plugin/rplugin.vim
sourcing "/nix/store/g2fc5ikh6hnm5mhwbly2agcv01hn9fqk-neovim-unwrapped-0.11.4/share/nvim/runtime/plugin/shada.vim"
finished sourcing /nix/store/g2fc5ikh6hnm5mhwbly2agcv01hn9fqk-neovim-unwrapped-0.11.4/share/nvim/runtime/plugin/shada.vim
sourcing "/nix/store/g2fc5ikh6hnm5mhwbly2agcv01hn9fqk-neovim-unwrapped-0.11.4/share/nvim/runtime/plugin/spellfile.vim"
finished sourcing /nix/store/g2fc5ikh6hnm5mhwbly2agcv01hn9fqk-neovim-unwrapped-0.11.4/share/nvim/runtime/plugin/spellfile.vim
sourcing "/nix/store/g2fc5ikh6hnm5mhwbly2agcv01hn9fqk-neovim-unwrapped-0.11.4/share/nvim/runtime/plugin/tarPlugin.vim"
finished sourcing /nix/store/g2fc5ikh6hnm5mhwbly2agcv01hn9fqk-neovim-unwrapped-0.11.4/share/nvim/runtime/plugin/tarPlugin.vim
sourcing "/nix/store/g2fc5ikh6hnm5mhwbly2agcv01hn9fqk-neovim-unwrapped-0.11.4/share/nvim/runtime/plugin/tutor.vim"
finished sourcing /nix/store/g2fc5ikh6hnm5mhwbly2agcv01hn9fqk-neovim-unwrapped-0.11.4/share/nvim/runtime/plugin/tutor.vim
sourcing "/nix/store/g2fc5ikh6hnm5mhwbly2agcv01hn9fqk-neovim-unwrapped-0.11.4/share/nvim/runtime/plugin/zipPlugin.vim"
finished sourcing /nix/store/g2fc5ikh6hnm5mhwbly2agcv01hn9fqk-neovim-unwrapped-0.11.4/share/nvim/runtime/plugin/zipPlugin.vim
sourcing "/nix/store/g2fc5ikh6hnm5mhwbly2agcv01hn9fqk-neovim-unwrapped-0.11.4/share/nvim/runtime/plugin/editorconfig.lua"
finished sourcing /nix/store/g2fc5ikh6hnm5mhwbly2agcv01hn9fqk-neovim-unwrapped-0.11.4/share/nvim/runtime/plugin/editorconfig.lua
sourcing "/nix/store/g2fc5ikh6hnm5mhwbly2agcv01hn9fqk-neovim-unwrapped-0.11.4/share/nvim/runtime/plugin/man.lua"
finished sourcing /nix/store/g2fc5ikh6hnm5mhwbly2agcv01hn9fqk-neovim-unwrapped-0.11.4/share/nvim/runtime/plugin/man.lua
sourcing "/nix/store/g2fc5ikh6hnm5mhwbly2agcv01hn9fqk-neovim-unwrapped-0.11.4/share/nvim/runtime/plugin/osc52.lua"
finished sourcing /nix/store/g2fc5ikh6hnm5mhwbly2agcv01hn9fqk-neovim-unwrapped-0.11.4/share/nvim/runtime/plugin/osc52.lua
sourcing "/nix/store/g2fc5ikh6hnm5mhwbly2agcv01hn9fqk-neovim-unwrapped-0.11.4/share/nvim/runtime/plugin/tohtml.lua"
finished sourcing /nix/store/g2fc5ikh6hnm5mhwbly2agcv01hn9fqk-neovim-unwrapped-0.11.4/share/nvim/runtime/plugin/tohtml.lua
sourcing "/nix/store/lpdscnpyyzba31p6j97vl3a0nnzfiqzs-packdir-start/pack/myNeovimPackages/start/avante.nvim/plugin/avante.lua"
finished sourcing /nix/store/lpdscnpyyzba31p6j97vl3a0nnzfiqzs-packdir-start/pack/myNeovimPackages/start/avante.nvim/plugin/avante.lua
sourcing "/nix/store/lpdscnpyyzba31p6j97vl3a0nnzfiqzs-packdir-start/pack/myNeovimPackages/start/blink.cmp/plugin/blink-cmp.lua"
finished sourcing /nix/store/lpdscnpyyzba31p6j97vl3a0nnzfiqzs-packdir-start/pack/myNeovimPackages/start/blink.cmp/plugin/blink-cmp.lua
sourcing "/nix/store/lpdscnpyyzba31p6j97vl3a0nnzfiqzs-packdir-start/pack/myNeovimPackages/start/comment.nvim/plugin/Comment.lua"
finished sourcing /nix/store/lpdscnpyyzba31p6j97vl3a0nnzfiqzs-packdir-start/pack/myNeovimPackages/start/comment.nvim/plugin/Comment.lua
sourcing "/nix/store/lpdscnpyyzba31p6j97vl3a0nnzfiqzs-packdir-start/pack/myNeovimPackages/start/copilot.lua/plugin/copilot.lua"
finished sourcing /nix/store/lpdscnpyyzba31p6j97vl3a0nnzfiqzs-packdir-start/pack/myNeovimPackages/start/copilot.lua/plugin/copilot.lua
sourcing "/nix/store/lpdscnpyyzba31p6j97vl3a0nnzfiqzs-packdir-start/pack/myNeovimPackages/start/diffview.nvim/plugin/diffview.lua"
finished sourcing /nix/store/lpdscnpyyzba31p6j97vl3a0nnzfiqzs-packdir-start/pack/myNeovimPackages/start/diffview.nvim/plugin/diffview.lua
sourcing "/nix/store/lpdscnpyyzba31p6j97vl3a0nnzfiqzs-packdir-start/pack/myNeovimPackages/start/dressing.nvim/plugin/dressing.lua"
finished sourcing /nix/store/lpdscnpyyzba31p6j97vl3a0nnzfiqzs-packdir-start/pack/myNeovimPackages/start/dressing.nvim/plugin/dressing.lua
sourcing "/nix/store/lpdscnpyyzba31p6j97vl3a0nnzfiqzs-packdir-start/pack/myNeovimPackages/start/img-clip.nvim/plugin/img-clip.lua"
finished sourcing /nix/store/lpdscnpyyzba31p6j97vl3a0nnzfiqzs-packdir-start/pack/myNeovimPackages/start/img-clip.nvim/plugin/img-clip.lua
sourcing "/nix/store/lpdscnpyyzba31p6j97vl3a0nnzfiqzs-packdir-start/pack/myNeovimPackages/start/lazygit.nvim/plugin/lazygit.vim"
finished sourcing /nix/store/lpdscnpyyzba31p6j97vl3a0nnzfiqzs-packdir-start/pack/myNeovimPackages/start/lazygit.nvim/plugin/lazygit.vim
sourcing "/nix/store/lpdscnpyyzba31p6j97vl3a0nnzfiqzs-packdir-start/pack/myNeovimPackages/start/lspsaga.nvim/plugin/lspsaga.lua"
finished sourcing /nix/store/lpdscnpyyzba31p6j97vl3a0nnzfiqzs-packdir-start/pack/myNeovimPackages/start/lspsaga.nvim/plugin/lspsaga.lua
sourcing "/nix/store/lpdscnpyyzba31p6j97vl3a0nnzfiqzs-packdir-start/pack/myNeovimPackages/start/neo-tree.nvim/plugin/neo-tree.lua"
finished sourcing /nix/store/lpdscnpyyzba31p6j97vl3a0nnzfiqzs-packdir-start/pack/myNeovimPackages/start/neo-tree.nvim/plugin/neo-tree.lua
sourcing "/nix/store/lpdscnpyyzba31p6j97vl3a0nnzfiqzs-packdir-start/pack/myNeovimPackages/start/neoformat/plugin/neoformat.vim"
finished sourcing /nix/store/lpdscnpyyzba31p6j97vl3a0nnzfiqzs-packdir-start/pack/myNeovimPackages/start/neoformat/plugin/neoformat.vim
sourcing "/nix/store/lpdscnpyyzba31p6j97vl3a0nnzfiqzs-packdir-start/pack/myNeovimPackages/start/nvim-dap/plugin/dap.lua"
finished sourcing /nix/store/lpdscnpyyzba31p6j97vl3a0nnzfiqzs-packdir-start/pack/myNeovimPackages/start/nvim-dap/plugin/dap.lua
sourcing "/nix/store/lpdscnpyyzba31p6j97vl3a0nnzfiqzs-packdir-start/pack/myNeovimPackages/start/nvim-lspconfig/plugin/lspconfig.lua"
finished sourcing /nix/store/lpdscnpyyzba31p6j97vl3a0nnzfiqzs-packdir-start/pack/myNeovimPackages/start/nvim-lspconfig/plugin/lspconfig.lua
sourcing "/nix/store/lpdscnpyyzba31p6j97vl3a0nnzfiqzs-packdir-start/pack/myNeovimPackages/start/nvim-treesitter/plugin/nvim-treesitter.lua"
finished sourcing /nix/store/lpdscnpyyzba31p6j97vl3a0nnzfiqzs-packdir-start/pack/myNeovimPackages/start/nvim-treesitter/plugin/nvim-treesitter.lua
sourcing "/nix/store/lpdscnpyyzba31p6j97vl3a0nnzfiqzs-packdir-start/pack/myNeovimPackages/start/nvim-treesitter-context/plugin/treesitter-context.lua"
finished sourcing /nix/store/lpdscnpyyzba31p6j97vl3a0nnzfiqzs-packdir-start/pack/myNeovimPackages/start/nvim-treesitter-context/plugin/treesitter-context.lua
sourcing "/nix/store/lpdscnpyyzba31p6j97vl3a0nnzfiqzs-packdir-start/pack/myNeovimPackages/start/nvim-treesitter-textobjects/plugin/nvim-treesitter-textobjects.vim"
finished sourcing /nix/store/lpdscnpyyzba31p6j97vl3a0nnzfiqzs-packdir-start/pack/myNeovimPackages/start/nvim-treesitter-textobjects/plugin/nvim-treesitter-textobjects.vim
sourcing "/nix/store/lpdscnpyyzba31p6j97vl3a0nnzfiqzs-packdir-start/pack/myNeovimPackages/start/nvim-web-devicons/plugin/nvim-web-devicons.vim"
finished sourcing /nix/store/lpdscnpyyzba31p6j97vl3a0nnzfiqzs-packdir-start/pack/myNeovimPackages/start/nvim-web-devicons/plugin/nvim-web-devicons.vim
sourcing "/nix/store/lpdscnpyyzba31p6j97vl3a0nnzfiqzs-packdir-start/pack/myNeovimPackages/start/plenary.nvim/plugin/plenary.vim"
finished sourcing /nix/store/lpdscnpyyzba31p6j97vl3a0nnzfiqzs-packdir-start/pack/myNeovimPackages/start/plenary.nvim/plugin/plenary.vim
sourcing "/nix/store/lpdscnpyyzba31p6j97vl3a0nnzfiqzs-packdir-start/pack/myNeovimPackages/start/smart-splits.nvim/plugin/init.lua"
finished sourcing /nix/store/lpdscnpyyzba31p6j97vl3a0nnzfiqzs-packdir-start/pack/myNeovimPackages/start/smart-splits.nvim/plugin/init.lua
sourcing "/nix/store/lpdscnpyyzba31p6j97vl3a0nnzfiqzs-packdir-start/pack/myNeovimPackages/start/smart-splits.nvim/plugin/smart-splits.lua"
finished sourcing /nix/store/lpdscnpyyzba31p6j97vl3a0nnzfiqzs-packdir-start/pack/myNeovimPackages/start/smart-splits.nvim/plugin/smart-splits.lua
sourcing "/nix/store/lpdscnpyyzba31p6j97vl3a0nnzfiqzs-packdir-start/pack/myNeovimPackages/start/snacks.nvim/plugin/snacks.lua"
finished sourcing /nix/store/lpdscnpyyzba31p6j97vl3a0nnzfiqzs-packdir-start/pack/myNeovimPackages/start/snacks.nvim/plugin/snacks.lua
sourcing "/nix/store/lpdscnpyyzba31p6j97vl3a0nnzfiqzs-packdir-start/pack/myNeovimPackages/start/telescope.nvim/plugin/telescope.lua"
finished sourcing /nix/store/lpdscnpyyzba31p6j97vl3a0nnzfiqzs-packdir-start/pack/myNeovimPackages/start/telescope.nvim/plugin/telescope.lua
sourcing "/nix/store/lpdscnpyyzba31p6j97vl3a0nnzfiqzs-packdir-start/pack/myNeovimPackages/start/todo-comments.nvim/plugin/todo.vim"
finished sourcing /nix/store/lpdscnpyyzba31p6j97vl3a0nnzfiqzs-packdir-start/pack/myNeovimPackages/start/todo-comments.nvim/plugin/todo.vim
sourcing "/nix/store/lpdscnpyyzba31p6j97vl3a0nnzfiqzs-packdir-start/pack/myNeovimPackages/start/vim-devicons/plugin/webdevicons.vim"
finished sourcing /nix/store/lpdscnpyyzba31p6j97vl3a0nnzfiqzs-packdir-start/pack/myNeovimPackages/start/vim-devicons/plugin/webdevicons.vim
sourcing "/nix/store/lpdscnpyyzba31p6j97vl3a0nnzfiqzs-packdir-start/pack/myNeovimPackages/start/vim-illuminate/plugin/illuminate.vim"
line 52: sourcing "nvim_exec2() called at /nix/store/8g87wka5aw6i4r0138lls10jk6rfshnk-vimplugin-vim-illuminate-2025-05-24/plugin/illuminate.vim:52"
finished sourcing nvim_exec2() called at /nix/store/8g87wka5aw6i4r0138lls10jk6rfshnk-vimplugin-vim-illuminate-2025-05-24/plugin/illuminate.vim:52
continuing in /nix/store/8g87wka5aw6i4r0138lls10jk6rfshnk-vimplugin-vim-illuminate-2025-05-24/plugin/illuminate.vim
finished sourcing /nix/store/lpdscnpyyzba31p6j97vl3a0nnzfiqzs-packdir-start/pack/myNeovimPackages/start/vim-illuminate/plugin/illuminate.vim
sourcing "/nix/store/lpdscnpyyzba31p6j97vl3a0nnzfiqzs-packdir-start/pack/myNeovimPackages/start/vimplugin-roslyn.nvim/plugin/roslyn.lua"
finished sourcing /nix/store/lpdscnpyyzba31p6j97vl3a0nnzfiqzs-packdir-start/pack/myNeovimPackages/start/vimplugin-roslyn.nvim/plugin/roslyn.lua
sourcing "/nix/store/lpdscnpyyzba31p6j97vl3a0nnzfiqzs-packdir-start/pack/myNeovimPackages/start/vimplugin-tabby/plugin/tabby.vim"
finished sourcing /nix/store/lpdscnpyyzba31p6j97vl3a0nnzfiqzs-packdir-start/pack/myNeovimPackages/start/vimplugin-tabby/plugin/tabby.vim
sourcing "/nix/store/lpdscnpyyzba31p6j97vl3a0nnzfiqzs-packdir-start/pack/myNeovimPackages/start/which-key.nvim/plugin/which-key.lua"
finished sourcing /nix/store/lpdscnpyyzba31p6j97vl3a0nnzfiqzs-packdir-start/pack/myNeovimPackages/start/which-key.nvim/plugin/which-key.lua
not found in 'packpath': "start/*"
sourcing "/nix/store/9z1bymfdzlcj4sd1panwp6vvg9xjvsfw-vim-pack-dir/pack/myNeovimPackages/start/indent-blankline.nvim/after/plugin/commands.lua"
finished sourcing /nix/store/9z1bymfdzlcj4sd1panwp6vvg9xjvsfw-vim-pack-dir/pack/myNeovimPackages/start/indent-blankline.nvim/after/plugin/commands.lua
Reading ShaDa file "/home/sobrien/.local/state/nvim/shada/main.shada" info marks oldfiles
Executing BufReadPre Autocommands for "*"
autocommand <Lua 181: /nix/store/9z1bymfdzlcj4sd1panwp6vvg9xjvsfw-vim-pack-dir/pack/myNeovimPackages/start/snacks.nvim/lua/snacks/init.lua:187>

Reading ShaDa file "/home/sobrien/.local/state/nvim/shada/main.shada" marks
Executing BufReadPost Autocommands for "*"
autocommand <Lua 185: /nix/store/9z1bymfdzlcj4sd1panwp6vvg9xjvsfw-vim-pack-dir/pack/myNeovimPackages/start/snacks.nvim/lua/snacks/init.lua:187>

Executing BufReadPost Autocommands for "*"
autocommand <Lua 254: /nix/store/9z1bymfdzlcj4sd1panwp6vvg9xjvsfw-vim-pack-dir/pack/myNeovimPackages/start/gitsigns.nvim/lua/gitsigns.lua:170>

Executing BufReadPost Autocommands for "*"
autocommand <Lua 493: /nix/store/g2fc5ikh6hnm5mhwbly2agcv01hn9fqk-neovim-unwrapped-0.11.4/share/nvim/runtime/filetype.lua:10>

Executing FileType Autocommands for "*"
autocommand call s:LoadFTPlugin()

line 20: sourcing "/nix/store/g2fc5ikh6hnm5mhwbly2agcv01hn9fqk-neovim-unwrapped-0.11.4/share/nvim/runtime/ftplugin/cs.vim"
finished sourcing /nix/store/g2fc5ikh6hnm5mhwbly2agcv01hn9fqk-neovim-unwrapped-0.11.4/share/nvim/runtime/ftplugin/cs.vim
continuing in <SNR>3_LoadFTPlugin
line 20: sourcing "/nix/store/g2fc5ikh6hnm5mhwbly2agcv01hn9fqk-neovim-unwrapped-0.11.4/share/nvim/runtime/ftplugin/cs.lua"
finished sourcing /nix/store/g2fc5ikh6hnm5mhwbly2agcv01hn9fqk-neovim-unwrapped-0.11.4/share/nvim/runtime/ftplugin/cs.lua
continuing in <SNR>3_LoadFTPlugin
line 20: sourcing "/nix/store/9z1bymfdzlcj4sd1panwp6vvg9xjvsfw-vim-pack-dir/pack/myNeovimPackages/start/nvim-config/after/ftplugin/cs.lua"
finished sourcing /nix/store/9z1bymfdzlcj4sd1panwp6vvg9xjvsfw-vim-pack-dir/pack/myNeovimPackages/start/nvim-config/after/ftplugin/cs.lua
continuing in <SNR>3_LoadFTPlugin
Executing FileType Autocommands for "*"
autocommand call s:LoadIndent()

line 15: sourcing "/nix/store/g2fc5ikh6hnm5mhwbly2agcv01hn9fqk-neovim-unwrapped-0.11.4/share/nvim/runtime/indent/cs.vim"
finished sourcing /nix/store/g2fc5ikh6hnm5mhwbly2agcv01hn9fqk-neovim-unwrapped-0.11.4/share/nvim/runtime/indent/cs.vim
continuing in <SNR>4_LoadIndent
Executing FileType Autocommands for "*"
autocommand <Lua 158: /nix/store/9z1bymfdzlcj4sd1panwp6vvg9xjvsfw-vim-pack-dir/pack/myNeovimPackages/start/nvim-treesitter/lua/nvim-treesitter/install.lua:558>

Executing FileType Autocommands for "*"
autocommand call v:lua.require'lualine'.refresh({'kind': 'window', 'place': ['statusline'], 'trigger': 'autocmd'})

Executing FileType Autocommands for "*"
autocommand <Lua 238: /nix/store/9z1bymfdzlcj4sd1panwp6vvg9xjvsfw-vim-pack-dir/pack/myNeovimPackages/start/indent-blankline.nvim/lua/ibl/autocmds.lua:26>

Executing FileType Autocommands for "*"
autocommand <Lua 295: /nix/store/9z1bymfdzlcj4sd1panwp6vvg9xjvsfw-vim-pack-dir/pack/myNeovimPackages/start/edgy.nvim/lua/edgy/config.lua:164>

Executing FileType Autocommands for "*"
autocommand <Lua 977: /nix/store/9z1bymfdzlcj4sd1panwp6vvg9xjvsfw-vim-pack-dir/pack/myNeovimPackages/start/copilot.lua/lua/copilot/client/init.lua:216>

Executing FileType Autocommands for "*"
autocommand if !exists('b:ts_highlight') | 0verbose exe "set syntax=" . expand("<amatch>") | endif

Executing FileType Autocommands for "*"
autocommand <Lua 585: /nix/store/9z1bymfdzlcj4sd1panwp6vvg9xjvsfw-vim-pack-dir/pack/myNeovimPackages/start/nvim-treesitter/lua/nvim-treesitter/configs.lua:132>

Executing FileType Autocommands for "*"
autocommand <Lua 586: /nix/store/9z1bymfdzlcj4sd1panwp6vvg9xjvsfw-vim-pack-dir/pack/myNeovimPackages/start/nvim-treesitter/lua/nvim-treesitter/configs.lua:132>

Executing Syntax Autocommands for "*"
autocommand call s:SynSet()

Executing Syntax Autocommands for "*"
autocommand call s:SynSet()

line 26: sourcing "/nix/store/g2fc5ikh6hnm5mhwbly2agcv01hn9fqk-neovim-unwrapped-0.11.4/share/nvim/runtime/syntax/cs.vim"
line 147: sourcing "/nix/store/g2fc5ikh6hnm5mhwbly2agcv01hn9fqk-neovim-unwrapped-0.11.4/share/nvim/runtime/syntax/xml.vim"
line 301: sourcing "/nix/store/g2fc5ikh6hnm5mhwbly2agcv01hn9fqk-neovim-unwrapped-0.11.4/share/nvim/runtime/syntax/dtd.vim"
finished sourcing /nix/store/g2fc5ikh6hnm5mhwbly2agcv01hn9fqk-neovim-unwrapped-0.11.4/share/nvim/runtime/syntax/dtd.vim
continuing in /nix/store/g2fc5ikh6hnm5mhwbly2agcv01hn9fqk-neovim-unwrapped-0.11.4/share/nvim/runtime/syntax/xml.vim
finished sourcing /nix/store/g2fc5ikh6hnm5mhwbly2agcv01hn9fqk-neovim-unwrapped-0.11.4/share/nvim/runtime/syntax/xml.vim
continuing in /nix/store/g2fc5ikh6hnm5mhwbly2agcv01hn9fqk-neovim-unwrapped-0.11.4/share/nvim/runtime/syntax/cs.vim
finished sourcing /nix/store/g2fc5ikh6hnm5mhwbly2agcv01hn9fqk-neovim-unwrapped-0.11.4/share/nvim/runtime/syntax/cs.vim
continuing in <SNR>74_SynSet
Executing FileType Autocommands for "*"
autocommand <Lua 587: /nix/store/9z1bymfdzlcj4sd1panwp6vvg9xjvsfw-vim-pack-dir/pack/myNeovimPackages/start/nvim-treesitter/lua/nvim-treesitter/configs.lua:132>

not found in runtime path: "queries/c_sharp/indents.scm"
Executing FileType Autocommands for "*"
autocommand <Lua 592: /nix/store/9z1bymfdzlcj4sd1panwp6vvg9xjvsfw-vim-pack-dir/pack/myNeovimPackages/start/nvim-treesitter/lua/nvim-treesitter/configs.lua:132>

Executing FileType Autocommands for "*"
autocommand <Lua 593: /nix/store/9z1bymfdzlcj4sd1panwp6vvg9xjvsfw-vim-pack-dir/pack/myNeovimPackages/start/nvim-treesitter/lua/nvim-treesitter/configs.lua:132>

Executing FileType Autocommands for "*"
autocommand <Lua 594: /nix/store/9z1bymfdzlcj4sd1panwp6vvg9xjvsfw-vim-pack-dir/pack/myNeovimPackages/start/nvim-treesitter/lua/nvim-treesitter/configs.lua:132>

Executing FileType Autocommands for "*"
autocommand <Lua 617: /nix/store/9z1bymfdzlcj4sd1panwp6vvg9xjvsfw-vim-pack-dir/pack/myNeovimPackages/start/vim-illuminate/lua/illuminate/engine.lua:58>

Executing FileType Autocommands for "*"
autocommand <Lua 632: /nix/store/g2fc5ikh6hnm5mhwbly2agcv01hn9fqk-neovim-unwrapped-0.11.4/share/nvim/runtime/lua/vim/lsp.lua:613>

Executing FileType Autocommands for "cs"
autocommand <Lua 633: /nix/store/zdcm5c99z099k93wbzn2ndpij6dv7lj6-vimplugin-roslyn.nvim/plugin/roslyn.lua:19>

autocommand if !did_filetype() && expand('<amatch>') !~ g:ft_ignore_pat | runtime! scripts.vim | endif

Executing BufReadPost Autocommands for "*"
autocommand <Lua 499: /nix/store/g2fc5ikh6hnm5mhwbly2agcv01hn9fqk-neovim-unwrapped-0.11.4/share/nvim/runtime/plugin/editorconfig.lua:4>

Executing BufReadPost Autocommands for "*"
autocommand <Lua 155: /nix/store/9z1bymfdzlcj4sd1panwp6vvg9xjvsfw-vim-pack-dir/pack/myNeovimPackages/start/nvim-treesitter-context/lua/treesitter-context.lua:216>

Executing BufWinEnter Autocommands for "*"
autocommand <Lua 193: /nix/store/9z1bymfdzlcj4sd1panwp6vvg9xjvsfw-vim-pack-dir/pack/myNeovimPackages/start/nvim-ufo/lua/ufo/main.lua:24>

line 0: sourcing "nvim_exec2() called at BufWinEnter Autocommands for "*":0"
finished sourcing nvim_exec2() called at BufWinEnter Autocommands for "*":0
continuing in BufWinEnter Autocommands for "*"
Executing BufWinEnter Autocommands for "*"
autocommand <Lua 235: /nix/store/9z1bymfdzlcj4sd1panwp6vvg9xjvsfw-vim-pack-dir/pack/myNeovimPackages/start/indent-blankline.nvim/lua/ibl/autocmds.lua:26>

Executing BufWinEnter Autocommands for "*"
autocommand <Lua 293: /nix/store/9z1bymfdzlcj4sd1panwp6vvg9xjvsfw-vim-pack-dir/pack/myNeovimPackages/start/edgy.nvim/lua/edgy/util.lua:48>

Executing BufWinEnter Autocommands for "*"
autocommand <Lua 486: /nix/store/9z1bymfdzlcj4sd1panwp6vvg9xjvsfw-vim-pack-dir/pack/myNeovimPackages/start/vimplugin-tabby/lua/tabby/feature/win_name.lua:39>

Executing BufWinEnter Autocommands for "*"
autocommand autocmd SafeState * ++once call s:Highlight_Matching_Pair()

Executing BufEnter Autocommands for "*"
autocommand <Lua 137: /nix/store/9z1bymfdzlcj4sd1panwp6vvg9xjvsfw-vim-pack-dir/pack/myNeovimPackages/start/trouble.nvim/lua/trouble/view/main.lua:16>

Executing BufEnter Autocommands for "*"
autocommand <Lua 183: /nix/store/9z1bymfdzlcj4sd1panwp6vvg9xjvsfw-vim-pack-dir/pack/myNeovimPackages/start/snacks.nvim/lua/snacks/init.lua:187>

Executing BufEnter Autocommands for "*"
autocommand lua require'lualine.components.branch.git_branch'.find_git_dir()

autocommand lua require'lualine.components.diff.git_diff'.update_diff_args()

Executing BufEnter Autocommands for "*"
autocommand call v:lua.require'lualine'.refresh({'kind': 'window', 'place': ['statusline'], 'trigger': 'autocmd'})

Executing BufEnter Autocommands for "*"
autocommand <Lua 289: /nix/store/9z1bymfdzlcj4sd1panwp6vvg9xjvsfw-vim-pack-dir/pack/myNeovimPackages/start/edgy.nvim/lua/edgy/editor.lua:11>

Executing BufEnter Autocommands for "*.cs"
autocommand <Lua 302: /nix/store/9z1bymfdzlcj4sd1panwp6vvg9xjvsfw-vim-pack-dir/pack/myNeovimPackages/start/easy-dotnet.nvim/lua/easy-dotnet/cs-mappings.lua:90>

Executing BufEnter Autocommands for "*"
autocommand <Lua 992: /nix/store/9z1bymfdzlcj4sd1panwp6vvg9xjvsfw-vim-pack-dir/pack/myNeovimPackages/start/copilot.lua/lua/copilot/suggestion/init.lua:822>

Executing BufEnter Autocommands for "*"
autocommand <Lua 468: /nix/store/4j3ikf0rp2lgd9gqf79vinlqfwh465db-init.lua:2141>

Executing BufEnter Autocommands for "*"
autocommand sil call s:LocalBrowse(expand("<amatch>"))

Executing BufEnter Autocommands for "*"
autocommand <Lua 555: /nix/store/ws44d4qh216jmcrvdm6p75jp2kj7xd4r-vimplugin-neo-tree.nvim-2025-09-02/plugin/neo-tree.lua:34>

Executing BufEnter Autocommands for "*"
autocommand <Lua 151: /nix/store/9z1bymfdzlcj4sd1panwp6vvg9xjvsfw-vim-pack-dir/pack/myNeovimPackages/start/nvim-treesitter-context/lua/treesitter-context.lua:142>

Executing BufEnter Autocommands for "*"
autocommand <Lua 650: /nix/store/9z1bymfdzlcj4sd1panwp6vvg9xjvsfw-vim-pack-dir/pack/myNeovimPackages/start/gitsigns.nvim/lua/gitsigns/manager.lua:505>

Executing BufEnter Autocommands for "*"
autocommand <Lua 653: /nix/store/9z1bymfdzlcj4sd1panwp6vvg9xjvsfw-vim-pack-dir/pack/myNeovimPackages/start/gitsigns.nvim/lua/gitsigns/current_line_blame.lua:254>

Executing VimEnter Autocommands for "*"
autocommand <Lua 70: vim/_defaults.lua:0>

Executing VimEnter Autocommands for "*"
autocommand <Lua 132: vim/_editor.lua:0>

autocommand <Lua 208: /nix/store/9z1bymfdzlcj4sd1panwp6vvg9xjvsfw-vim-pack-dir/pack/myNeovimPackages/start/noice.nvim/lua/noice/init.lua:18>

Movement-mode module loaded!
Movement-mode setup function called!
Movement-mode keymap set: 'm' -> enter_movement_mode
Executing VimEnter Autocommands for "*"
autocommand <Lua 232: /nix/store/9z1bymfdzlcj4sd1panwp6vvg9xjvsfw-vim-pack-dir/pack/myNeovimPackages/start/indent-blankline.nvim/lua/ibl/init.lua:98>

Executing VimEnter Autocommands for "*"
autocommand <Lua 465: /nix/store/9z1bymfdzlcj4sd1panwp6vvg9xjvsfw-vim-pack-dir/pack/myNeovimPackages/start/alpha-nvim/lua/alpha.lua:789>

Executing VimEnter Autocommands for "*"
autocommand sil call s:VimEnter(expand("<amatch>"))

Executing VimEnter Autocommands for "*"
autocommand <Lua 612: /nix/store/9z1bymfdzlcj4sd1panwp6vvg9xjvsfw-vim-pack-dir/pack/myNeovimPackages/start/vim-illuminate/lua/illuminate/engine.lua:49>

Executing UIEnter Autocommands for "*"
autocommand <Lua 81: /nix/store/9z1bymfdzlcj4sd1panwp6vvg9xjvsfw-vim-pack-dir/pack/myNeovimPackages/start/blink.cmp/lua/blink/cmp/lib/utils.lua:222>

Executing UIEnter Autocommands for "*"
autocommand <Lua 184: /nix/store/9z1bymfdzlcj4sd1panwp6vvg9xjvsfw-vim-pack-dir/pack/myNeovimPackages/start/snacks.nvim/lua/snacks/init.lua:187>

Executing UIEnter Autocommands for "*"
autocommand <Lua 504: /nix/store/g2fc5ikh6hnm5mhwbly2agcv01hn9fqk-neovim-unwrapped-0.11.4/share/nvim/runtime/plugin/osc52.lua:8>

sourcing "/nix/store/g2fc5ikh6hnm5mhwbly2agcv01hn9fqk-neovim-unwrapped-0.11.4/share/nvim/runtime/autoload/provider/clipboard.vim"
finished sourcing /nix/store/g2fc5ikh6hnm5mhwbly2agcv01hn9fqk-neovim-unwrapped-0.11.4/share/nvim/runtime/autoload/provider/clipboard.vim
Executing SafeState Autocommands for "*"
autocommand call s:Highlight_Matching_Pair()

not found in runtime path: "parser/comment.*"
Executing TermResponse Autocommands for "*"
autocommand <Lua 69: vim/_defaults.lua:0>

Executing OptionSet Autocommands for "background"
autocommand <Lua 77: /nix/store/9z1bymfdzlcj4sd1panwp6vvg9xjvsfw-vim-pack-dir/pack/myNeovimPackages/start/nvim-web-devicons/lua/nvim-web-devicons.lua:582>

Executing OptionSet Autocommands for "background"
autocommand lua require'lualine'.setup()

line 0: sourcing "nvim_exec2() called at OptionSet Autocommands for "background":0"
finished sourcing nvim_exec2() called at OptionSet Autocommands for "background":0
continuing in OptionSet Autocommands for "background"
line 0: sourcing "nvim_exec2() called at OptionSet Autocommands for "background":0"
finished sourcing nvim_exec2() called at OptionSet Autocommands for "background":0
continuing in OptionSet Autocommands for "background"
line 0: sourcing "nvim_exec2() called at OptionSet Autocommands for "background":0"
finished sourcing nvim_exec2() called at OptionSet Autocommands for "background":0
continuing in OptionSet Autocommands for "background"
line 0: sourcing "nvim_exec2() called at OptionSet Autocommands for "background":0"
finished sourcing nvim_exec2() called at OptionSet Autocommands for "background":0
continuing in OptionSet Autocommands for "background"
line 0: sourcing "nvim_exec2() called at OptionSet Autocommands for "background":0"
finished sourcing nvim_exec2() called at OptionSet Autocommands for "background":0
continuing in OptionSet Autocommands for "background"
line 0: sourcing "nvim_exec2() called at OptionSet Autocommands for "background":0"
finished sourcing nvim_exec2() called at OptionSet Autocommands for "background":0
continuing in OptionSet Autocommands for "background"
line 0: sourcing "nvim_exec2() called at OptionSet Autocommands for "background":0"
finished sourcing nvim_exec2() called at OptionSet Autocommands for "background":0
continuing in OptionSet Autocommands for "background"
line 0: sourcing "nvim_exec2() called at OptionSet Autocommands for "background":0"
finished sourcing nvim_exec2() called at OptionSet Autocommands for "background":0
continuing in OptionSet Autocommands for "background"
line 0: sourcing "nvim_exec2() called at OptionSet Autocommands for "background":0"
finished sourcing nvim_exec2() called at OptionSet Autocommands for "background":0
continuing in OptionSet Autocommands for "background"
line 0: sourcing "nvim_exec2() called at OptionSet Autocommands for "background":0"
finished sourcing nvim_exec2() called at OptionSet Autocommands for "background":0
continuing in OptionSet Autocommands for "background"
line 0: sourcing "nvim_exec2() called at OptionSet Autocommands for "background":0"
finished sourcing nvim_exec2() called at OptionSet Autocommands for "background":0
continuing in OptionSet Autocommands for "background"
line 0: sourcing "nvim_exec2() called at OptionSet Autocommands for "background":0"
finished sourcing nvim_exec2() called at OptionSet Autocommands for "background":0
continuing in OptionSet Autocommands for "background"
line 0: sourcing "nvim_exec2() called at OptionSet Autocommands for "background":0"
finished sourcing nvim_exec2() called at OptionSet Autocommands for "background":0
continuing in OptionSet Autocommands for "background"
line 0: sourcing "nvim_exec2() called at OptionSet Autocommands for "background":0"
finished sourcing nvim_exec2() called at OptionSet Autocommands for "background":0
continuing in OptionSet Autocommands for "background"
line 0: sourcing "nvim_exec2() called at OptionSet Autocommands for "background":0"
finished sourcing nvim_exec2() called at OptionSet Autocommands for "background":0
continuing in OptionSet Autocommands for "background"
line 0: sourcing "nvim_exec2() called at OptionSet Autocommands for "background":0"
finished sourcing nvim_exec2() called at OptionSet Autocommands for "background":0
continuing in OptionSet Autocommands for "background"
line 0: sourcing "nvim_exec2() called at OptionSet Autocommands for "background":0"
finished sourcing nvim_exec2() called at OptionSet Autocommands for "background":0
continuing in OptionSet Autocommands for "background"
line 0: sourcing "nvim_exec2() called at OptionSet Autocommands for "background":0"
finished sourcing nvim_exec2() called at OptionSet Autocommands for "background":0
continuing in OptionSet Autocommands for "background"
line 0: sourcing "nvim_exec2() called at OptionSet Autocommands for "background":0"
finished sourcing nvim_exec2() called at OptionSet Autocommands for "background":0
continuing in OptionSet Autocommands for "background"
line 0: sourcing "nvim_exec2() called at OptionSet Autocommands for "background":0"
finished sourcing nvim_exec2() called at OptionSet Autocommands for "background":0
continuing in OptionSet Autocommands for "background"
line 0: sourcing "nvim_exec2() called at OptionSet Autocommands for "background":0"
finished sourcing nvim_exec2() called at OptionSet Autocommands for "background":0
continuing in OptionSet Autocommands for "background"
line 0: sourcing "nvim_exec2() called at OptionSet Autocommands for "background":0"
finished sourcing nvim_exec2() called at OptionSet Autocommands for "background":0
continuing in OptionSet Autocommands for "background"
line 0: sourcing "nvim_exec2() called at OptionSet Autocommands for "background":0"
finished sourcing nvim_exec2() called at OptionSet Autocommands for "background":0
continuing in OptionSet Autocommands for "background"
line 0: sourcing "nvim_exec2() called at OptionSet Autocommands for "background":0"
finished sourcing nvim_exec2() called at OptionSet Autocommands for "background":0
continuing in OptionSet Autocommands for "background"
line 0: sourcing "nvim_exec2() called at OptionSet Autocommands for "background":0"
finished sourcing nvim_exec2() called at OptionSet Autocommands for "background":0
continuing in OptionSet Autocommands for "background"
line 0: sourcing "nvim_exec2() called at OptionSet Autocommands for "background":0"
finished sourcing nvim_exec2() called at OptionSet Autocommands for "background":0
continuing in OptionSet Autocommands for "background"
line 0: sourcing "nvim_exec2() called at OptionSet Autocommands for "background":0"
finished sourcing nvim_exec2() called at OptionSet Autocommands for "background":0
continuing in OptionSet Autocommands for "background"
line 0: sourcing "nvim_exec2() called at OptionSet Autocommands for "background":0"
finished sourcing nvim_exec2() called at OptionSet Autocommands for "background":0
continuing in OptionSet Autocommands for "background"
line 0: sourcing "nvim_exec2() called at OptionSet Autocommands for "background":0"
finished sourcing nvim_exec2() called at OptionSet Autocommands for "background":0
continuing in OptionSet Autocommands for "background"
line 0: sourcing "nvim_exec2() called at OptionSet Autocommands for "background":0"
finished sourcing nvim_exec2() called at OptionSet Autocommands for "background":0
continuing in OptionSet Autocommands for "background"
line 0: sourcing "nvim_exec2() called at OptionSet Autocommands for "background":0"
finished sourcing nvim_exec2() called at OptionSet Autocommands for "background":0
continuing in OptionSet Autocommands for "background"
line 0: sourcing "nvim_exec2() called at OptionSet Autocommands for "background":0"
finished sourcing nvim_exec2() called at OptionSet Autocommands for "background":0
continuing in OptionSet Autocommands for "background"
line 0: sourcing "nvim_exec2() called at OptionSet Autocommands for "background":0"
finished sourcing nvim_exec2() called at OptionSet Autocommands for "background":0
continuing in OptionSet Autocommands for "background"
line 0: sourcing "nvim_exec2() called at OptionSet Autocommands for "background":0"
finished sourcing nvim_exec2() called at OptionSet Autocommands for "background":0
continuing in OptionSet Autocommands for "background"
line 0: sourcing "nvim_exec2() called at OptionSet Autocommands for "background":0"
finished sourcing nvim_exec2() called at OptionSet Autocommands for "background":0
continuing in OptionSet Autocommands for "background"
line 0: sourcing "nvim_exec2() called at OptionSet Autocommands for "background":0"
finished sourcing nvim_exec2() called at OptionSet Autocommands for "background":0
continuing in OptionSet Autocommands for "background"
line 0: sourcing "nvim_exec2() called at OptionSet Autocommands for "background":0"
finished sourcing nvim_exec2() called at OptionSet Autocommands for "background":0
continuing in OptionSet Autocommands for "background"
line 0: sourcing "nvim_exec2() called at OptionSet Autocommands for "background":0"
finished sourcing nvim_exec2() called at OptionSet Autocommands for "background":0
continuing in OptionSet Autocommands for "background"
line 0: sourcing "nvim_exec2() called at OptionSet Autocommands for "background":0"
finished sourcing nvim_exec2() called at OptionSet Autocommands for "background":0
continuing in OptionSet Autocommands for "background"
line 0: sourcing "nvim_exec2() called at OptionSet Autocommands for "background":0"
finished sourcing nvim_exec2() called at OptionSet Autocommands for "background":0
continuing in OptionSet Autocommands for "background"
line 0: sourcing "nvim_exec2() called at OptionSet Autocommands for "background":0"
finished sourcing nvim_exec2() called at OptionSet Autocommands for "background":0
continuing in OptionSet Autocommands for "background"
line 0: sourcing "nvim_exec2() called at OptionSet Autocommands for "background":0"
finished sourcing nvim_exec2() called at OptionSet Autocommands for "background":0
continuing in OptionSet Autocommands for "background"
line 0: sourcing "nvim_exec2() called at OptionSet Autocommands for "background":0"
finished sourcing nvim_exec2() called at OptionSet Autocommands for "background":0
continuing in OptionSet Autocommands for "background"
line 0: sourcing "nvim_exec2() called at OptionSet Autocommands for "background":0"
finished sourcing nvim_exec2() called at OptionSet Autocommands for "background":0
continuing in OptionSet Autocommands for "background"
line 0: sourcing "nvim_exec2() called at OptionSet Autocommands for "background":0"
finished sourcing nvim_exec2() called at OptionSet Autocommands for "background":0
continuing in OptionSet Autocommands for "background"
line 0: sourcing "nvim_exec2() called at OptionSet Autocommands for "background":0"
finished sourcing nvim_exec2() called at OptionSet Autocommands for "background":0
continuing in OptionSet Autocommands for "background"
line 0: sourcing "nvim_exec2() called at OptionSet Autocommands for "background":0"
finished sourcing nvim_exec2() called at OptionSet Autocommands for "background":0
continuing in OptionSet Autocommands for "background"
line 0: sourcing "nvim_exec2() called at OptionSet Autocommands for "background":0"
finished sourcing nvim_exec2() called at OptionSet Autocommands for "background":0
continuing in OptionSet Autocommands for "background"
line 0: sourcing "nvim_exec2() called at OptionSet Autocommands for "background":0"
finished sourcing nvim_exec2() called at OptionSet Autocommands for "background":0
continuing in OptionSet Autocommands for "background"
line 0: sourcing "nvim_exec2() called at OptionSet Autocommands for "background":0"
finished sourcing nvim_exec2() called at OptionSet Autocommands for "background":0
continuing in OptionSet Autocommands for "background"
line 0: sourcing "nvim_exec2() called at OptionSet Autocommands for "background":0"
finished sourcing nvim_exec2() called at OptionSet Autocommands for "background":0
continuing in OptionSet Autocommands for "background"
line 0: sourcing "nvim_exec2() called at OptionSet Autocommands for "background":0"
finished sourcing nvim_exec2() called at OptionSet Autocommands for "background":0
continuing in OptionSet Autocommands for "background"
line 0: sourcing "nvim_exec2() called at OptionSet Autocommands for "background":0"
finished sourcing nvim_exec2() called at OptionSet Autocommands for "background":0
continuing in OptionSet Autocommands for "background"
line 0: sourcing "nvim_exec2() called at OptionSet Autocommands for "background":0"
finished sourcing nvim_exec2() called at OptionSet Autocommands for "background":0
continuing in OptionSet Autocommands for "background"
line 0: sourcing "nvim_exec2() called at OptionSet Autocommands for "background":0"
finished sourcing nvim_exec2() called at OptionSet Autocommands for "background":0
continuing in OptionSet Autocommands for "background"
line 0: sourcing "nvim_exec2() called at OptionSet Autocommands for "background":0"
finished sourcing nvim_exec2() called at OptionSet Autocommands for "background":0
continuing in OptionSet Autocommands for "background"
line 0: sourcing "nvim_exec2() called at OptionSet Autocommands for "background":0"
finished sourcing nvim_exec2() called at OptionSet Autocommands for "background":0
continuing in OptionSet Autocommands for "background"
line 0: sourcing "nvim_exec2() called at OptionSet Autocommands for "background":0"
finished sourcing nvim_exec2() called at OptionSet Autocommands for "background":0
continuing in OptionSet Autocommands for "background"
line 0: sourcing "nvim_exec2() called at OptionSet Autocommands for "background":0"
finished sourcing nvim_exec2() called at OptionSet Autocommands for "background":0
continuing in OptionSet Autocommands for "background"
line 0: sourcing "nvim_exec2() called at OptionSet Autocommands for "background":0"
finished sourcing nvim_exec2() called at OptionSet Autocommands for "background":0
continuing in OptionSet Autocommands for "background"
line 0: sourcing "nvim_exec2() called at OptionSet Autocommands for "background":0"
finished sourcing nvim_exec2() called at OptionSet Autocommands for "background":0
continuing in OptionSet Autocommands for "background"
line 0: sourcing "nvim_exec2() called at OptionSet Autocommands for "background":0"
finished sourcing nvim_exec2() called at OptionSet Autocommands for "background":0
continuing in OptionSet Autocommands for "background"
line 0: sourcing "nvim_exec2() called at OptionSet Autocommands for "background":0"
finished sourcing nvim_exec2() called at OptionSet Autocommands for "background":0
continuing in OptionSet Autocommands for "background"
line 0: sourcing "nvim_exec2() called at OptionSet Autocommands for "background":0"
finished sourcing nvim_exec2() called at OptionSet Autocommands for "background":0
continuing in OptionSet Autocommands for "background"
line 0: sourcing "nvim_exec2() called at OptionSet Autocommands for "background":0"
finished sourcing nvim_exec2() called at OptionSet Autocommands for "background":0
continuing in OptionSet Autocommands for "background"
line 0: sourcing "nvim_exec2() called at OptionSet Autocommands for "background":0"
finished sourcing nvim_exec2() called at OptionSet Autocommands for "background":0
continuing in OptionSet Autocommands for "background"
line 0: sourcing "nvim_exec2() called at OptionSet Autocommands for "background":0"
finished sourcing nvim_exec2() called at OptionSet Autocommands for "background":0
continuing in OptionSet Autocommands for "background"
line 0: sourcing "nvim_exec2() called at OptionSet Autocommands for "background":0"
finished sourcing nvim_exec2() called at OptionSet Autocommands for "background":0
continuing in OptionSet Autocommands for "background"
line 0: sourcing "nvim_exec2() called at OptionSet Autocommands for "background":0"
finished sourcing nvim_exec2() called at OptionSet Autocommands for "background":0
continuing in OptionSet Autocommands for "background"
line 0: sourcing "nvim_exec2() called at OptionSet Autocommands for "background":0"
finished sourcing nvim_exec2() called at OptionSet Autocommands for "background":0
continuing in OptionSet Autocommands for "background"
line 0: sourcing "nvim_exec2() called at OptionSet Autocommands for "background":0"
finished sourcing nvim_exec2() called at OptionSet Autocommands for "background":0
continuing in OptionSet Autocommands for "background"
line 0: sourcing "nvim_exec2() called at OptionSet Autocommands for "background":0"
finished sourcing nvim_exec2() called at OptionSet Autocommands for "background":0
continuing in OptionSet Autocommands for "background"
line 0: sourcing "nvim_exec2() called at OptionSet Autocommands for "background":0"
finished sourcing nvim_exec2() called at OptionSet Autocommands for "background":0
continuing in OptionSet Autocommands for "background"
line 0: sourcing "nvim_exec2() called at OptionSet Autocommands for "background":0"
finished sourcing nvim_exec2() called at OptionSet Autocommands for "background":0
continuing in OptionSet Autocommands for "background"
line 0: sourcing "nvim_exec2() called at OptionSet Autocommands for "background":0"
finished sourcing nvim_exec2() called at OptionSet Autocommands for "background":0
continuing in OptionSet Autocommands for "background"
line 0: sourcing "nvim_exec2() called at OptionSet Autocommands for "background":0"
finished sourcing nvim_exec2() called at OptionSet Autocommands for "background":0
continuing in OptionSet Autocommands for "background"
line 0: sourcing "nvim_exec2() called at OptionSet Autocommands for "background":0"
finished sourcing nvim_exec2() called at OptionSet Autocommands for "background":0
continuing in OptionSet Autocommands for "background"
line 0: sourcing "nvim_exec2() called at OptionSet Autocommands for "background":0"
finished sourcing nvim_exec2() called at OptionSet Autocommands for "background":0
continuing in OptionSet Autocommands for "background"
line 0: sourcing "nvim_exec2() called at OptionSet Autocommands for "background":0"
finished sourcing nvim_exec2() called at OptionSet Autocommands for "background":0
continuing in OptionSet Autocommands for "background"
line 0: sourcing "nvim_exec2() called at OptionSet Autocommands for "background":0"
finished sourcing nvim_exec2() called at OptionSet Autocommands for "background":0
continuing in OptionSet Autocommands for "background"
line 0: sourcing "nvim_exec2() called at OptionSet Autocommands for "background":0"
finished sourcing nvim_exec2() called at OptionSet Autocommands for "background":0
continuing in OptionSet Autocommands for "background"
line 0: sourcing "nvim_exec2() called at OptionSet Autocommands for "background":0"
finished sourcing nvim_exec2() called at OptionSet Autocommands for "background":0
continuing in OptionSet Autocommands for "background"
line 0: sourcing "nvim_exec2() called at OptionSet Autocommands for "background":0"
finished sourcing nvim_exec2() called at OptionSet Autocommands for "background":0
continuing in OptionSet Autocommands for "background"
line 0: sourcing "nvim_exec2() called at OptionSet Autocommands for "background":0"
finished sourcing nvim_exec2() called at OptionSet Autocommands for "background":0
continuing in OptionSet Autocommands for "background"
line 0: sourcing "nvim_exec2() called at OptionSet Autocommands for "background":0"
finished sourcing nvim_exec2() called at OptionSet Autocommands for "background":0
continuing in OptionSet Autocommands for "background"
line 0: sourcing "nvim_exec2() called at OptionSet Autocommands for "background":0"
--- Autocommands ---
finished sourcing nvim_exec2() called at OptionSet Autocommands for "background":0
continuing in OptionSet Autocommands for "background"
line 0: sourcing "nvim_exec2() called at OptionSet Autocommands for "background":0"
finished sourcing nvim_exec2() called at OptionSet Autocommands for "background":0
continuing in OptionSet Autocommands for "background"
line 0: sourcing "nvim_exec2() called at OptionSet Autocommands for "background":0"
finished sourcing nvim_exec2() called at OptionSet Autocommands for "background":0
continuing in OptionSet Autocommands for "background"
line 0: sourcing "nvim_exec2() called at OptionSet Autocommands for "background":0"
finished sourcing nvim_exec2() called at OptionSet Autocommands for "background":0
continuing in OptionSet Autocommands for "background"
line 0: sourcing "nvim_exec2() called at OptionSet Autocommands for "background":0"
finished sourcing nvim_exec2() called at OptionSet Autocommands for "background":0
continuing in OptionSet Autocommands for "background"
line 0: sourcing "nvim_exec2() called at OptionSet Autocommands for "background":0"
finished sourcing nvim_exec2() called at OptionSet Autocommands for "background":0
continuing in OptionSet Autocommands for "background"
line 0: sourcing "nvim_exec2() called at OptionSet Autocommands for "background":0"
finished sourcing nvim_exec2() called at OptionSet Autocommands for "background":0
continuing in OptionSet Autocommands for "background"
line 0: sourcing "nvim_exec2() called at OptionSet Autocommands for "background":0"
finished sourcing nvim_exec2() called at OptionSet Autocommands for "background":0
continuing in OptionSet Autocommands for "background"
line 0: sourcing "nvim_exec2() called at OptionSet Autocommands for "background":0"
finished sourcing nvim_exec2() called at OptionSet Autocommands for "background":0
continuing in OptionSet Autocommands for "background"
line 0: sourcing "nvim_exec2() called at OptionSet Autocommands for "background":0"
finished sourcing nvim_exec2() called at OptionSet Autocommands for "background":0
continuing in OptionSet Autocommands for "background"
line 0: sourcing "nvim_exec2() called at OptionSet Autocommands for "background":0"
finished sourcing nvim_exec2() called at OptionSet Autocommands for "background":0
continuing in OptionSet Autocommands for "background"
line 0: sourcing "nvim_exec2() called at OptionSet Autocommands for "background":0"
finished sourcing nvim_exec2() called at OptionSet Autocommands for "background":0
continuing in OptionSet Autocommands for "background"
line 0: sourcing "nvim_exec2() called at OptionSet Autocommands for "background":0"
finished sourcing nvim_exec2() called at OptionSet Autocommands for "background":0
continuing in OptionSet Autocommands for "background"
line 0: sourcing "nvim_exec2() called at OptionSet Autocommands for "background":0"
finished sourcing nvim_exec2() called at OptionSet Autocommands for "background":0
continuing in OptionSet Autocommands for "background"
line 0: sourcing "nvim_exec2() called at OptionSet Autocommands for "background":0"
finished sourcing nvim_exec2() called at OptionSet Autocommands for "background":0
continuing in OptionSet Autocommands for "background"
line 0: sourcing "nvim_exec2() called at OptionSet Autocommands for "background":0"
finished sourcing nvim_exec2() called at OptionSet Autocommands for "background":0
continuing in OptionSet Autocommands for "background"
line 0: sourcing "nvim_exec2() called at OptionSet Autocommands for "background":0"
finished sourcing nvim_exec2() called at OptionSet Autocommands for "background":0
continuing in OptionSet Autocommands for "background"
line 0: sourcing "nvim_exec2() called at OptionSet Autocommands for "background":0"
finished sourcing nvim_exec2() called at OptionSet Autocommands for "background":0
continuing in OptionSet Autocommands for "background"
line 0: sourcing "nvim_exec2() called at OptionSet Autocommands for "background":0"
finished sourcing nvim_exec2() called at OptionSet Autocommands for "background":0
continuing in OptionSet Autocommands for "background"
line 0: sourcing "nvim_exec2() called at OptionSet Autocommands for "background":0"
finished sourcing nvim_exec2() called at OptionSet Autocommands for "background":0
continuing in OptionSet Autocommands for "background"
line 0: sourcing "nvim_exec2() called at OptionSet Autocommands for "background":0"
finished sourcing nvim_exec2() called at OptionSet Autocommands for "background":0
continuing in OptionSet Autocommands for "background"
line 0: sourcing "nvim_exec2() called at OptionSet Autocommands for "background":0"
finished sourcing nvim_exec2() called at OptionSet Autocommands for "background":0
continuing in OptionSet Autocommands for "background"
line 0: sourcing "nvim_exec2() called at OptionSet Autocommands for "background":0"
finished sourcing nvim_exec2() called at OptionSet Autocommands for "background":0
continuing in OptionSet Autocommands for "background"
line 0: sourcing "nvim_exec2() called at OptionSet Autocommands for "background":0"
--- Autocommands ---
lualine  BufEnter
    *         lua require'lualine.components.branch.git_branch'.find_git_dir()
	Last set from /nix/store/falwbsrmndhklcwxjwi25il9cvxxb2zr-vimplugin-luajit2.1-lualine.nvim-scm-1-unstable-scm-1/lua/lualine/utils/utils.lua line 98
finished sourcing nvim_exec2() called at OptionSet Autocommands for "background":0
continuing in OptionSet Autocommands for "background"
line 0: sourcing "nvim_exec2() called at OptionSet Autocommands for "background":0"
finished sourcing nvim_exec2() called at OptionSet Autocommands for "background":0
continuing in OptionSet Autocommands for "background"
line 0: sourcing "nvim_exec2() called at OptionSet Autocommands for "background":0"
--- Autocommands ---
finished sourcing nvim_exec2() called at OptionSet Autocommands for "background":0
continuing in OptionSet Autocommands for "background"
line 0: sourcing "nvim_exec2() called at OptionSet Autocommands for "background":0"
finished sourcing nvim_exec2() called at OptionSet Autocommands for "background":0
continuing in OptionSet Autocommands for "background"
line 0: sourcing "nvim_exec2() called at OptionSet Autocommands for "background":0"
finished sourcing nvim_exec2() called at OptionSet Autocommands for "background":0
continuing in OptionSet Autocommands for "background"
line 0: sourcing "nvim_exec2() called at OptionSet Autocommands for "background":0"
finished sourcing nvim_exec2() called at OptionSet Autocommands for "background":0
continuing in OptionSet Autocommands for "background"
line 0: sourcing "nvim_exec2() called at OptionSet Autocommands for "background":0"
finished sourcing nvim_exec2() called at OptionSet Autocommands for "background":0
continuing in OptionSet Autocommands for "background"
line 0: sourcing "nvim_exec2() called at OptionSet Autocommands for "background":0"
finished sourcing nvim_exec2() called at OptionSet Autocommands for "background":0
continuing in OptionSet Autocommands for "background"
line 0: sourcing "nvim_exec2() called at OptionSet Autocommands for "background":0"
finished sourcing nvim_exec2() called at OptionSet Autocommands for "background":0
continuing in OptionSet Autocommands for "background"
line 0: sourcing "nvim_exec2() called at OptionSet Autocommands for "background":0"
finished sourcing nvim_exec2() called at OptionSet Autocommands for "background":0
continuing in OptionSet Autocommands for "background"
line 0: sourcing "nvim_exec2() called at OptionSet Autocommands for "background":0"
finished sourcing nvim_exec2() called at OptionSet Autocommands for "background":0
continuing in OptionSet Autocommands for "background"
line 0: sourcing "nvim_exec2() called at OptionSet Autocommands for "background":0"
finished sourcing nvim_exec2() called at OptionSet Autocommands for "background":0
continuing in OptionSet Autocommands for "background"
line 0: sourcing "nvim_exec2() called at OptionSet Autocommands for "background":0"
finished sourcing nvim_exec2() called at OptionSet Autocommands for "background":0
continuing in OptionSet Autocommands for "background"
line 0: sourcing "nvim_exec2() called at OptionSet Autocommands for "background":0"
finished sourcing nvim_exec2() called at OptionSet Autocommands for "background":0
continuing in OptionSet Autocommands for "background"
line 0: sourcing "nvim_exec2() called at OptionSet Autocommands for "background":0"
finished sourcing nvim_exec2() called at OptionSet Autocommands for "background":0
continuing in OptionSet Autocommands for "background"
line 0: sourcing "nvim_exec2() called at OptionSet Autocommands for "background":0"
finished sourcing nvim_exec2() called at OptionSet Autocommands for "background":0
continuing in OptionSet Autocommands for "background"
line 0: sourcing "nvim_exec2() called at OptionSet Autocommands for "background":0"
finished sourcing nvim_exec2() called at OptionSet Autocommands for "background":0
continuing in OptionSet Autocommands for "background"
line 0: sourcing "nvim_exec2() called at OptionSet Autocommands for "background":0"
finished sourcing nvim_exec2() called at OptionSet Autocommands for "background":0
continuing in OptionSet Autocommands for "background"
line 0: sourcing "nvim_exec2() called at OptionSet Autocommands for "background":0"
finished sourcing nvim_exec2() called at OptionSet Autocommands for "background":0
continuing in OptionSet Autocommands for "background"
line 0: sourcing "nvim_exec2() called at OptionSet Autocommands for "background":0"
finished sourcing nvim_exec2() called at OptionSet Autocommands for "background":0
continuing in OptionSet Autocommands for "background"
line 0: sourcing "nvim_exec2() called at OptionSet Autocommands for "background":0"
finished sourcing nvim_exec2() called at OptionSet Autocommands for "background":0
continuing in OptionSet Autocommands for "background"
line 0: sourcing "nvim_exec2() called at OptionSet Autocommands for "background":0"
finished sourcing nvim_exec2() called at OptionSet Autocommands for "background":0
continuing in OptionSet Autocommands for "background"
line 0: sourcing "nvim_exec2() called at OptionSet Autocommands for "background":0"
finished sourcing nvim_exec2() called at OptionSet Autocommands for "background":0
continuing in OptionSet Autocommands for "background"
line 0: sourcing "nvim_exec2() called at OptionSet Autocommands for "background":0"
finished sourcing nvim_exec2() called at OptionSet Autocommands for "background":0
continuing in OptionSet Autocommands for "background"
line 0: sourcing "nvim_exec2() called at OptionSet Autocommands for "background":0"
finished sourcing nvim_exec2() called at OptionSet Autocommands for "background":0
continuing in OptionSet Autocommands for "background"
line 0: sourcing "nvim_exec2() called at OptionSet Autocommands for "background":0"
finished sourcing nvim_exec2() called at OptionSet Autocommands for "background":0
continuing in OptionSet Autocommands for "background"
line 0: sourcing "nvim_exec2() called at OptionSet Autocommands for "background":0"
finished sourcing nvim_exec2() called at OptionSet Autocommands for "background":0
continuing in OptionSet Autocommands for "background"
line 0: sourcing "nvim_exec2() called at OptionSet Autocommands for "background":0"
finished sourcing nvim_exec2() called at OptionSet Autocommands for "background":0
continuing in OptionSet Autocommands for "background"
line 0: sourcing "nvim_exec2() called at OptionSet Autocommands for "background":0"
finished sourcing nvim_exec2() called at OptionSet Autocommands for "background":0
continuing in OptionSet Autocommands for "background"
line 0: sourcing "nvim_exec2() called at OptionSet Autocommands for "background":0"
finished sourcing nvim_exec2() called at OptionSet Autocommands for "background":0
continuing in OptionSet Autocommands for "background"
line 0: sourcing "nvim_exec2() called at OptionSet Autocommands for "background":0"
finished sourcing nvim_exec2() called at OptionSet Autocommands for "background":0
continuing in OptionSet Autocommands for "background"
line 0: sourcing "nvim_exec2() called at OptionSet Autocommands for "background":0"
finished sourcing nvim_exec2() called at OptionSet Autocommands for "background":0
continuing in OptionSet Autocommands for "background"
line 0: sourcing "nvim_exec2() called at OptionSet Autocommands for "background":0"
finished sourcing nvim_exec2() called at OptionSet Autocommands for "background":0
continuing in OptionSet Autocommands for "background"
line 0: sourcing "nvim_exec2() called at OptionSet Autocommands for "background":0"
--- Autocommands ---
finished sourcing nvim_exec2() called at OptionSet Autocommands for "background":0
continuing in OptionSet Autocommands for "background"
line 0: sourcing "nvim_exec2() called at OptionSet Autocommands for "background":0"
finished sourcing nvim_exec2() called at OptionSet Autocommands for "background":0
continuing in OptionSet Autocommands for "background"
line 0: sourcing "nvim_exec2() called at OptionSet Autocommands for "background":0"
finished sourcing nvim_exec2() called at OptionSet Autocommands for "background":0
continuing in OptionSet Autocommands for "background"
line 0: sourcing "nvim_exec2() called at OptionSet Autocommands for "background":0"
finished sourcing nvim_exec2() called at OptionSet Autocommands for "background":0
continuing in OptionSet Autocommands for "background"
Executing OptionSet Autocommands for "*"
autocommand <Lua 154: /nix/store/9z1bymfdzlcj4sd1panwp6vvg9xjvsfw-vim-pack-dir/pack/myNeovimPackages/start/nvim-treesitter-context/lua/treesitter-context.lua:142>

Executing TermResponse Autocommands for "*"
autocommand <Lua 72: /nix/store/g2fc5ikh6hnm5mhwbly2agcv01hn9fqk-neovim-unwrapped-0.11.4/share/nvim/runtime/lua/vim/termcap.lua:36>

Executing TermResponse Autocommands for "*"
autocommand <Lua 75: vim/_defaults.lua:0>

Executing TermResponse Autocommands for "*"
autocommand <Lua 791: /nix/store/g2fc5ikh6hnm5mhwbly2agcv01hn9fqk-neovim-unwrapped-0.11.4/share/nvim/runtime/lua/vim/termcap.lua:36>

sourcing "nvim_exec2()"
finished sourcing nvim_exec2()
sourcing "nvim_exec2()"
finished sourcing nvim_exec2()
sourcing "nvim_exec2()"
finished sourcing nvim_exec2()
sourcing "nvim_exec2()"
finished sourcing nvim_exec2()
sourcing "nvim_exec2()"
finished sourcing nvim_exec2()
sourcing "nvim_exec2()"
finished sourcing nvim_exec2()
sourcing "nvim_exec2()"
finished sourcing nvim_exec2()
sourcing "nvim_exec2()"
finished sourcing nvim_exec2()
sourcing "nvim_exec2()"
finished sourcing nvim_exec2()
sourcing "nvim_exec2()"
finished sourcing nvim_exec2()
sourcing "nvim_exec2()"
finished sourcing nvim_exec2()
sourcing "nvim_exec2()"
finished sourcing nvim_exec2()
sourcing "nvim_exec2()"
finished sourcing nvim_exec2()
sourcing "nvim_exec2()"
finished sourcing nvim_exec2()
sourcing "nvim_exec2()"
finished sourcing nvim_exec2()
sourcing "nvim_exec2()"
finished sourcing nvim_exec2()
sourcing "nvim_exec2()"
finished sourcing nvim_exec2()
sourcing "nvim_exec2()"
finished sourcing nvim_exec2()
sourcing "nvim_exec2()"
finished sourcing nvim_exec2()
sourcing "nvim_exec2()"
finished sourcing nvim_exec2()
sourcing "nvim_exec2()"
finished sourcing nvim_exec2()
sourcing "nvim_exec2()"
finished sourcing nvim_exec2()
sourcing "nvim_exec2()"
finished sourcing nvim_exec2()
sourcing "nvim_exec2()"
finished sourcing nvim_exec2()
sourcing "nvim_exec2()"
finished sourcing nvim_exec2()
sourcing "nvim_exec2()"
finished sourcing nvim_exec2()
sourcing "nvim_exec2()"
finished sourcing nvim_exec2()
sourcing "nvim_exec2()"
finished sourcing nvim_exec2()
sourcing "nvim_exec2()"
finished sourcing nvim_exec2()
sourcing "nvim_exec2()"
finished sourcing nvim_exec2()
sourcing "nvim_exec2()"
finished sourcing nvim_exec2()
Executing OptionSet Autocommands for "*"
autocommand <Lua 154: /nix/store/9z1bymfdzlcj4sd1panwp6vvg9xjvsfw-vim-pack-dir/pack/myNeovimPackages/start/nvim-treesitter-context/lua/treesitter-context.lua:142>

Executing OptionSet Autocommands for "*"
autocommand <Lua 154: /nix/store/9z1bymfdzlcj4sd1panwp6vvg9xjvsfw-vim-pack-dir/pack/myNeovimPackages/start/nvim-treesitter-context/lua/treesitter-context.lua:142>

Executing OptionSet Autocommands for "*"
autocommand <Lua 154: /nix/store/9z1bymfdzlcj4sd1panwp6vvg9xjvsfw-vim-pack-dir/pack/myNeovimPackages/start/nvim-treesitter-context/lua/treesitter-context.lua:142>

Executing OptionSet Autocommands for "*"
autocommand <Lua 154: /nix/store/9z1bymfdzlcj4sd1panwp6vvg9xjvsfw-vim-pack-dir/pack/myNeovimPackages/start/nvim-treesitter-context/lua/treesitter-context.lua:142>

Executing FileType Autocommands for "*"
autocommand call s:LoadFTPlugin()

not found in runtime path: "ftplugin/snacks_notif[.]{vim,lua} ftplugin/snacks_notif_*.{vim,lua} ftplugin/snacks_notif/*.{vim,lua}"
Executing FileType Autocommands for "*"
autocommand call s:LoadIndent()

not found in runtime path: "indent/snacks_notif[.]{vim,lua}"
Executing FileType Autocommands for "*"
autocommand <Lua 158: /nix/store/9z1bymfdzlcj4sd1panwp6vvg9xjvsfw-vim-pack-dir/pack/myNeovimPackages/start/nvim-treesitter/lua/nvim-treesitter/install.lua:558>

Executing FileType Autocommands for "*"
autocommand <Lua 238: /nix/store/9z1bymfdzlcj4sd1panwp6vvg9xjvsfw-vim-pack-dir/pack/myNeovimPackages/start/indent-blankline.nvim/lua/ibl/autocmds.lua:26>

Executing FileType Autocommands for "*"
autocommand <Lua 295: /nix/store/9z1bymfdzlcj4sd1panwp6vvg9xjvsfw-vim-pack-dir/pack/myNeovimPackages/start/edgy.nvim/lua/edgy/config.lua:164>

Executing FileType Autocommands for "*"
autocommand <Lua 977: /nix/store/9z1bymfdzlcj4sd1panwp6vvg9xjvsfw-vim-pack-dir/pack/myNeovimPackages/start/copilot.lua/lua/copilot/client/init.lua:216>

Executing FileType Autocommands for "*"
autocommand if !exists('b:ts_highlight') | 0verbose exe "set syntax=" . expand("<amatch>") | endif

Executing FileType Autocommands for "*"
autocommand <Lua 585: /nix/store/9z1bymfdzlcj4sd1panwp6vvg9xjvsfw-vim-pack-dir/pack/myNeovimPackages/start/nvim-treesitter/lua/nvim-treesitter/configs.lua:132>

not found in runtime path: "parser/snacks_notif.*"
Executing FileType Autocommands for "*"
autocommand <Lua 586: /nix/store/9z1bymfdzlcj4sd1panwp6vvg9xjvsfw-vim-pack-dir/pack/myNeovimPackages/start/nvim-treesitter/lua/nvim-treesitter/configs.lua:132>

Executing FileType Autocommands for "*"
autocommand <Lua 587: /nix/store/9z1bymfdzlcj4sd1panwp6vvg9xjvsfw-vim-pack-dir/pack/myNeovimPackages/start/nvim-treesitter/lua/nvim-treesitter/configs.lua:132>

Executing FileType Autocommands for "*"
autocommand <Lua 592: /nix/store/9z1bymfdzlcj4sd1panwp6vvg9xjvsfw-vim-pack-dir/pack/myNeovimPackages/start/nvim-treesitter/lua/nvim-treesitter/configs.lua:132>

Executing FileType Autocommands for "*"
autocommand <Lua 593: /nix/store/9z1bymfdzlcj4sd1panwp6vvg9xjvsfw-vim-pack-dir/pack/myNeovimPackages/start/nvim-treesitter/lua/nvim-treesitter/configs.lua:132>

Executing FileType Autocommands for "*"
autocommand <Lua 594: /nix/store/9z1bymfdzlcj4sd1panwp6vvg9xjvsfw-vim-pack-dir/pack/myNeovimPackages/start/nvim-treesitter/lua/nvim-treesitter/configs.lua:132>

Executing FileType Autocommands for "*"
autocommand <Lua 617: /nix/store/9z1bymfdzlcj4sd1panwp6vvg9xjvsfw-vim-pack-dir/pack/myNeovimPackages/start/vim-illuminate/lua/illuminate/engine.lua:58>

Executing FileType Autocommands for "*"
autocommand <Lua 632: /nix/store/g2fc5ikh6hnm5mhwbly2agcv01hn9fqk-neovim-unwrapped-0.11.4/share/nvim/runtime/lua/vim/lsp.lua:613>

Executing FileType Autocommands for "*"
autocommand call v:lua.require'lualine'.refresh({'kind': 'window', 'place': ['statusline'], 'trigger': 'autocmd'})

Executing OptionSet Autocommands for "filetype"
autocommand <Lua 200: /nix/store/9z1bymfdzlcj4sd1panwp6vvg9xjvsfw-vim-pack-dir/pack/myNeovimPackages/start/nvim-ufo/lua/ufo/main.lua:51>

Executing OptionSet Autocommands for "*"
autocommand <Lua 154: /nix/store/9z1bymfdzlcj4sd1panwp6vvg9xjvsfw-vim-pack-dir/pack/myNeovimPackages/start/nvim-treesitter-context/lua/treesitter-context.lua:142>

Executing OptionSet Autocommands for "*"
autocommand <Lua 154: /nix/store/9z1bymfdzlcj4sd1panwp6vvg9xjvsfw-vim-pack-dir/pack/myNeovimPackages/start/nvim-treesitter-context/lua/treesitter-context.lua:142>

Executing OptionSet Autocommands for "*"
autocommand <Lua 154: /nix/store/9z1bymfdzlcj4sd1panwp6vvg9xjvsfw-vim-pack-dir/pack/myNeovimPackages/start/nvim-treesitter-context/lua/treesitter-context.lua:142>

Executing OptionSet Autocommands for "*"
autocommand <Lua 154: /nix/store/9z1bymfdzlcj4sd1panwp6vvg9xjvsfw-vim-pack-dir/pack/myNeovimPackages/start/nvim-treesitter-context/lua/treesitter-context.lua:142>

Executing OptionSet Autocommands for "*"
autocommand <Lua 154: /nix/store/9z1bymfdzlcj4sd1panwp6vvg9xjvsfw-vim-pack-dir/pack/myNeovimPackages/start/nvim-treesitter-context/lua/treesitter-context.lua:142>

Executing OptionSet Autocommands for "listchars"
autocommand <Lua 242: /nix/store/9z1bymfdzlcj4sd1panwp6vvg9xjvsfw-vim-pack-dir/pack/myNeovimPackages/start/indent-blankline.nvim/lua/ibl/autocmds.lua:33>

Executing OptionSet Autocommands for "*"
autocommand <Lua 154: /nix/store/9z1bymfdzlcj4sd1panwp6vvg9xjvsfw-vim-pack-dir/pack/myNeovimPackages/start/nvim-treesitter-context/lua/treesitter-context.lua:142>

Executing OptionSet Autocommands for "*"
autocommand <Lua 154: /nix/store/9z1bymfdzlcj4sd1panwp6vvg9xjvsfw-vim-pack-dir/pack/myNeovimPackages/start/nvim-treesitter-context/lua/treesitter-context.lua:142>

Executing OptionSet Autocommands for "*"
autocommand <Lua 154: /nix/store/9z1bymfdzlcj4sd1panwp6vvg9xjvsfw-vim-pack-dir/pack/myNeovimPackages/start/nvim-treesitter-context/lua/treesitter-context.lua:142>

Executing OptionSet Autocommands for "*"
autocommand <Lua 154: /nix/store/9z1bymfdzlcj4sd1panwp6vvg9xjvsfw-vim-pack-dir/pack/myNeovimPackages/start/nvim-treesitter-context/lua/treesitter-context.lua:142>

Executing OptionSet Autocommands for "*"
autocommand <Lua 154: /nix/store/9z1bymfdzlcj4sd1panwp6vvg9xjvsfw-vim-pack-dir/pack/myNeovimPackages/start/nvim-treesitter-context/lua/treesitter-context.lua:142>

Executing OptionSet Autocommands for "*"
autocommand <Lua 154: /nix/store/9z1bymfdzlcj4sd1panwp6vvg9xjvsfw-vim-pack-dir/pack/myNeovimPackages/start/nvim-treesitter-context/lua/treesitter-context.lua:142>

Executing OptionSet Autocommands for "*"
autocommand <Lua 154: /nix/store/9z1bymfdzlcj4sd1panwp6vvg9xjvsfw-vim-pack-dir/pack/myNeovimPackages/start/nvim-treesitter-context/lua/treesitter-context.lua:142>

Executing OptionSet Autocommands for "*"
autocommand <Lua 154: /nix/store/9z1bymfdzlcj4sd1panwp6vvg9xjvsfw-vim-pack-dir/pack/myNeovimPackages/start/nvim-treesitter-context/lua/treesitter-context.lua:142>

Executing OptionSet Autocommands for "*"
autocommand <Lua 154: /nix/store/9z1bymfdzlcj4sd1panwp6vvg9xjvsfw-vim-pack-dir/pack/myNeovimPackages/start/nvim-treesitter-context/lua/treesitter-context.lua:142>

Executing OptionSet Autocommands for "*"
autocommand <Lua 154: /nix/store/9z1bymfdzlcj4sd1panwp6vvg9xjvsfw-vim-pack-dir/pack/myNeovimPackages/start/nvim-treesitter-context/lua/treesitter-context.lua:142>

Executing OptionSet Autocommands for "*"
autocommand <Lua 154: /nix/store/9z1bymfdzlcj4sd1panwp6vvg9xjvsfw-vim-pack-dir/pack/myNeovimPackages/start/nvim-treesitter-context/lua/treesitter-context.lua:142>

Executing OptionSet Autocommands for "*"
autocommand <Lua 154: /nix/store/9z1bymfdzlcj4sd1panwp6vvg9xjvsfw-vim-pack-dir/pack/myNeovimPackages/start/nvim-treesitter-context/lua/treesitter-context.lua:142>

Executing OptionSet Autocommands for "*"
autocommand <Lua 154: /nix/store/9z1bymfdzlcj4sd1panwp6vvg9xjvsfw-vim-pack-dir/pack/myNeovimPackages/start/nvim-treesitter-context/lua/treesitter-context.lua:142>

Executing OptionSet Autocommands for "list"
autocommand <Lua 241: /nix/store/9z1bymfdzlcj4sd1panwp6vvg9xjvsfw-vim-pack-dir/pack/myNeovimPackages/start/indent-blankline.nvim/lua/ibl/autocmds.lua:33>

Executing OptionSet Autocommands for "*"
autocommand <Lua 154: /nix/store/9z1bymfdzlcj4sd1panwp6vvg9xjvsfw-vim-pack-dir/pack/myNeovimPackages/start/nvim-treesitter-context/lua/treesitter-context.lua:142>

Executing Syntax Autocommands for "*"
autocommand call s:SynSet()

Executing OptionSet Autocommands for "syntax"
autocommand <Lua 201: /nix/store/9z1bymfdzlcj4sd1panwp6vvg9xjvsfw-vim-pack-dir/pack/myNeovimPackages/start/nvim-ufo/lua/ufo/main.lua:51>

Executing OptionSet Autocommands for "*"
autocommand <Lua 154: /nix/store/9z1bymfdzlcj4sd1panwp6vvg9xjvsfw-vim-pack-dir/pack/myNeovimPackages/start/nvim-treesitter-context/lua/treesitter-context.lua:142>

Executing OptionSet Autocommands for "*"
autocommand <Lua 154: /nix/store/9z1bymfdzlcj4sd1panwp6vvg9xjvsfw-vim-pack-dir/pack/myNeovimPackages/start/nvim-treesitter-context/lua/treesitter-context.lua:142>

Executing OptionSet Autocommands for "*"
autocommand <Lua 154: /nix/store/9z1bymfdzlcj4sd1panwp6vvg9xjvsfw-vim-pack-dir/pack/myNeovimPackages/start/nvim-treesitter-context/lua/treesitter-context.lua:142>



--- Terminal info --- {{{
&term: xterm-256color
Description: xterm with 256 colors
Aliases: xterm-256color
Boolean capabilities:
  auto_left_margin          bw         = false
  auto_right_margin         am         = true
  no_esc_ctlc               xsb        = false
  ceol_standout_glitch      xhp        = false
  eat_newline_glitch        xenl       = true
  erase_overstrike          eo         = false
  generic_type              gn         = false
  hard_copy                 hc         = false
  has_meta_key              km         = true
  has_status_line           hs         = false
  insert_null_glitch        in         = false
  memory_above              da         = false
  memory_below              db         = false
  move_insert_mode          mir        = true
  move_standout_mode        msgr       = true
  over_strike               os         = false
  status_line_esc_ok        eslok      = false
  dest_tabs_magic_smso      xt         = false
  tilde_glitch              hz         = false
  transparent_underline     ul         = false
  xon_xoff                  xon        = false
  needs_xon_xoff            nxon       = false
  prtr_silent               mc5i       = true
  hard_cursor               chts       = false
  non_rev_rmcup             nrrmc      = false
  no_pad_char               npc        = true
  non_dest_scroll_region    ndscr      = false
  can_change                ccc        = true
  back_color_erase          bce        = true
  hue_lightness_saturation  hls        = false
  col_addr_glitch           xhpa       = false
  cr_cancels_micro_mode     crxm       = false
  has_print_wheel           daisy      = false
  row_addr_glitch           xvpa       = false
  semi_auto_right_margin    sam        = false
  cpi_changes_res           cpix       = false
  lpi_changes_res           lpix       = false
  backspaces_with_bs        OTbs       = true
  crt_no_scrolling          OTns       = false
  no_correctly_working_cr   OTnc       = false
  gnu_has_meta_key          OTMT       = false
  linefeed_is_newline       OTNL       = false
  has_hardware_tabs         OTpt       = false
  return_does_clr_eol       OTxr       = false
Numeric capabilities:
  columns                   cols       = 80
  init_tabs                 it         = 8
  lines                     lines      = 24
  lines_of_memory           lm         = -1
  magic_cookie_glitch       xmc        = -1
  padding_baud_rate         pb         = -1
  virtual_terminal          vt         = -1
  width_status_line         wsl        = -1
  num_labels                nlab       = -1
  label_height              lh         = -1
  label_width               lw         = -1
  max_attributes            ma         = -1
  maximum_windows           wnum       = -1
  max_colors                colors     = 256
  max_pairs                 pairs      = 65536
  no_color_video            ncv        = -1
  buffer_capacity           bufsz      = -1
  dot_vert_spacing          spinv      = -1
  dot_horz_spacing          spinh      = -1
  max_micro_address         maddr      = -1
  max_micro_jump            mjump      = -1
  micro_col_size            mcs        = -1
  micro_line_size           mls        = -1
  number_of_pins            npins      = -1
  output_res_char           orc        = -1
  output_res_line           orl        = -1
  output_res_horz_inch      orhi       = -1
  output_res_vert_inch      orvi       = -1
  print_rate                cps        = -1
  wide_char_size            widcs      = -1
  buttons                   btns       = -1
  bit_image_entwining       bitwin     = -1
  bit_image_type            bitype     = -1
  magic_cookie_glitch_ul    OTug       = -1
  carriage_return_delay     OTdC       = -1
  new_line_delay            OTdN       = -1
  backspace_delay           OTdB       = -1
  horizontal_tab_delay      OTdT       = -1
  number_of_function_keys   OTkn       = -1
String capabilities:
  back_tab                  cbt        = ^[[Z
  bell                      bel        = ^G
  carriage_return           cr         = ^M
  change_scroll_region      csr        = ^[[%i%p1%d;%p2%dr
  clear_all_tabs            tbc        = ^[[3g
  clear_screen              clear      = ^[[H^[[2J
  clr_eol                   el         = ^[[K
  clr_eos                   ed         = ^[[J
  column_address            hpa        = ^[[%i%p1%dG
  cursor_address            cup        = ^[[%i%p1%d;%p2%dH
  cursor_down               cud1       = ^@
  cursor_home               home       = ^[[H
  cursor_invisible          civis      = ^[[?25l
  cursor_left               cub1       = ^H
  cursor_normal             cnorm      = ^[[?25h
  cursor_right              cuf1       = ^[[C
  cursor_up                 cuu1       = ^[[A
  cursor_visible            cvvis      = ^[[?12;25h
  delete_character          dch1       = ^[[P
  delete_line               dl1        = ^[[M
  enter_alt_charset_mode    smacs      = ^[(0
  enter_blink_mode          blink      = ^[[5m
  enter_bold_mode           bold       = ^[[1m
  enter_ca_mode             smcup      = ^[[?1049h^[[22;0;0t
  enter_dim_mode            dim        = ^[[2m
  enter_insert_mode         smir       = ^[[4h
  enter_secure_mode         invis      = ^[[8m
  enter_reverse_mode        rev        = ^[[7m
  enter_standout_mode       smso       = ^[[7m
  enter_underline_mode      smul       = ^[[4m
  erase_chars               ech        = ^[[%p1%dX
  exit_alt_charset_mode     rmacs      = ^[(B
  exit_attribute_mode       sgr0       = ^[(B^[[m
  exit_ca_mode              rmcup      = ^[[?1049l^[[23;0;0t
  exit_insert_mode          rmir       = ^[[4l
  exit_standout_mode        rmso       = ^[[27m
  exit_underline_mode       rmul       = ^[[24m
  flash_screen              flash      = ^[[?5h$<100/>^[[?5l
  from_status_line          fsl        = ^G
  init_2string              is2        = ^[[!p^[[?3;4l^[[4l^[>
  insert_line               il1        = ^[[L
  key_backspace             kbs        = ^?
  key_dc                    kdch1      = ^[[3~
  key_down                  kcud1      = ^[OB
  key_f1                    kf1        = ^[OP
  key_f10                   kf10       = ^[[21~
  key_f2                    kf2        = ^[OQ
  key_f3                    kf3        = ^[OR
  key_f4                    kf4        = ^[OS
  key_f5                    kf5        = ^[[15~
  key_f6                    kf6        = ^[[17~
  key_f7                    kf7        = ^[[18~
  key_f8                    kf8        = ^[[19~
  key_f9                    kf9        = ^[[20~
  key_home                  khome      = ^[OH
  key_ic                    kich1      = ^[[2~
  key_left                  kcub1      = ^[OD
  key_npage                 knp        = ^[[6~
  key_ppage                 kpp        = ^[[5~
  key_right                 kcuf1      = ^[OC
  key_sf                    kind       = ^[[1;2B
  key_sr                    kri        = ^[[1;2A
  key_up                    kcuu1      = ^[OA
  keypad_local              rmkx       = ^[[?1l^[>
  keypad_xmit               smkx       = ^[[?1h^[=
  meta_off                  rmm        = ^[[?1034l
  meta_on                   smm        = ^[[?1034h
  newline                   nel        = ^[E
  parm_dch                  dch        = ^[[%p1%dP
  parm_delete_line          dl         = ^[[%p1%dM
  parm_down_cursor          cud        = ^[[%p1%dB
  parm_ich                  ich        = ^[[%p1%d@
  parm_index                indn       = ^[[%p1%dS
  parm_insert_line          il         = ^[[%p1%dL
  parm_left_cursor          cub        = ^[[%p1%dD
  parm_right_cursor         cuf        = ^[[%p1%dC
  parm_rindex               rin        = ^[[%p1%dT
  parm_up_cursor            cuu        = ^[[%p1%dA
  print_screen              mc0        = ^[[i
  prtr_off                  mc4        = ^[[4i
  prtr_on                   mc5        = ^[[5i
  repeat_char               rep        = %p1%c^[[%p2%{1}%-%db
  reset_1string             rs1        = ^[c^[]104^G
  reset_2string             rs2        = ^[[!p^[[?3;4l^[[4l^[>
  restore_cursor            rc         = ^[8
  row_address               vpa        = ^[[%i%p1%dd
  save_cursor               sc         = ^[7
  scroll_forward            ind        = ^@
  scroll_reverse            ri         = ^[M
  set_attributes            sgr        = %?%p9%t^[(0%e^[(B%;^[[0%?%p6%t;1%;%?%p5%t;2%;%?%p2%t;4%;%?%p1%p3%|%t;7%;%?%p4%t;5%;%?%p7%t;8%;m
  set_tab                   hts        = ^[H
  tab                       ht         = 	
  to_status_line            tsl        = ^[]0;
  key_a1                    ka1        = ^[Ow
  key_a3                    ka3        = ^[Oy
  key_b2                    kb2        = ^[Ou
  key_c1                    kc1        = ^[Oq
  key_c3                    kc3        = ^[Os
  acs_chars                 acsc       = ``aaffggiijjkkllmmnnooppqqrrssttuuvvwwxxyyzz{{||}}~~
  key_btab                  kcbt       = ^[[Z
  enter_am_mode             smam       = ^[[?7h
  exit_am_mode              rmam       = ^[[?7l
  key_beg                   kbeg       = ^[OE
  key_end                   kend       = ^[OF
  key_enter                 kent       = ^[OM
  key_sdc                   kDC        = ^[[3;2~
  key_send                  kEND       = ^[[1;2F
  key_shome                 kHOM       = ^[[1;2H
  key_sic                   kIC        = ^[[2;2~
  key_sleft                 kLFT       = ^[[1;2D
  key_snext                 kNXT       = ^[[6;2~
  key_sprevious             kPRV       = ^[[5;2~
  key_sright                kRIT       = ^[[1;2C
  key_f11                   kf11       = ^[[23~
  key_f12                   kf12       = ^[[24~
  key_f13                   kf13       = ^[[1;2P
  key_f14                   kf14       = ^[[1;2Q
  key_f15                   kf15       = ^[[1;2R
  key_f16                   kf16       = ^[[1;2S
  key_f17                   kf17       = ^[[15;2~
  key_f18                   kf18       = ^[[17;2~
  key_f19                   kf19       = ^[[18;2~
  key_f20                   kf20       = ^[[19;2~
  key_f21                   kf21       = ^[[20;2~
  key_f22                   kf22       = ^[[21;2~
  key_f23                   kf23       = ^[[23;2~
  key_f24                   kf24       = ^[[24;2~
  key_f25                   kf25       = ^[[1;5P
  key_f26                   kf26       = ^[[1;5Q
  key_f27                   kf27       = ^[[1;5R
  key_f28                   kf28       = ^[[1;5S
  key_f29                   kf29       = ^[[15;5~
  key_f30                   kf30       = ^[[17;5~
  key_f31                   kf31       = ^[[18;5~
  key_f32                   kf32       = ^[[19;5~
  key_f33                   kf33       = ^[[20;5~
  key_f34                   kf34       = ^[[21;5~
  key_f35                   kf35       = ^[[23;5~
  key_f36                   kf36       = ^[[24;5~
  key_f37                   kf37       = ^[[1;6P
  key_f38                   kf38       = ^[[1;6Q
  key_f39                   kf39       = ^[[1;6R
  key_f40                   kf40       = ^[[1;6S
  key_f41                   kf41       = ^[[15;6~
  key_f42                   kf42       = ^[[17;6~
  key_f43                   kf43       = ^[[18;6~
  key_f44                   kf44       = ^[[19;6~
  key_f45                   kf45       = ^[[20;6~
  key_f46                   kf46       = ^[[21;6~
  key_f47                   kf47       = ^[[23;6~
  key_f48                   kf48       = ^[[24;6~
  key_f49                   kf49       = ^[[1;3P
  key_f50                   kf50       = ^[[1;3Q
  key_f51                   kf51       = ^[[1;3R
  key_f52                   kf52       = ^[[1;3S
  key_f53                   kf53       = ^[[15;3~
  key_f54                   kf54       = ^[[17;3~
  key_f55                   kf55       = ^[[18;3~
  key_f56                   kf56       = ^[[19;3~
  key_f57                   kf57       = ^[[20;3~
  key_f58                   kf58       = ^[[21;3~
  key_f59                   kf59       = ^[[23;3~
  key_f60                   kf60       = ^[[24;3~
  key_f61                   kf61       = ^[[1;4P
  key_f62                   kf62       = ^[[1;4Q
  key_f63                   kf63       = ^[[1;4R
  clr_bol                   el1        = ^[[1K
  clear_margins             mgc        = ^[[?69l
  user6                     u6         = ^[[%i%d;%dR
  user7                     u7         = ^[[6n
  user8                     u8         = ^[[?%[;0123456789]c
  user9                     u9         = ^[[c
  orig_pair                 op         = ^[[39;49m
  orig_colors               oc         = ^[]104^G
  initialize_color          initc      = ^[]4;%p1%d;rgb:%p2%{255}%*%{1000}%/%2.2X/%p3%{255}%*%{1000}%/%2.2X/%p4%{255}%*%{1000}%/%2.2X^[\
  enter_italics_mode        sitm       = ^[[3m
  exit_italics_mode         ritm       = ^[[23m
  key_mouse                 kmous      = ^[[<
  set_a_foreground          setaf      = ^[[%?%p1%{8}%<%t3%p1%d%e%p1%{16}%<%t9%p1%{8}%-%d%e38;5;%p1%d%;m
  set_a_background          setab      = ^[[%?%p1%{8}%<%t4%p1%d%e%p1%{16}%<%t10%p1%{8}%-%d%e48;5;%p1%d%;m
  set_tb_margin             smgtb      = ^[[%i%p1%d;%p2%dr
  memory_lock               meml       = ^[l
  memory_unlock             memu       = ^[m
Extended boolean capabilities:
  AX                        = true
  XF                        = true
  XT                        = true
Extended string capabilities:
  BD                        = ^[[?2004l
  BE                        = ^[[?2004h
  Cr                        = ^[]112^G
  Cs                        = ^[]12;%p1%s^G
  E3                        = ^[[3J
  Ms                        = ^[]52;%p1%s;%p2%s^G
  PE                        = ^[[201~
  PS                        = ^[[200~
  RV                        = ^[[>c
  Se                        = ^[[2 q
  Ss                        = ^[[%p1%d q
  XM                        = ^[[?1006;1000%?%p1%{1}%=%th%el%;
  XR                        = ^[[>0q
  fd                        = ^[[?1004l
  fe                        = ^[[?1004h
  kDC3                      = ^[[3;3~
  kDC4                      = ^[[3;4~
  kDC5                      = ^[[3;5~
  kDC6                      = ^[[3;6~
  kDC7                      = ^[[3;7~
  kDN                       = ^[[1;2B
  kDN3                      = ^[[1;3B
  kDN4                      = ^[[1;4B
  kDN5                      = ^[[1;5B
  kDN6                      = ^[[1;6B
  kDN7                      = ^[[1;7B
  kEND3                     = ^[[1;3F
  kEND4                     = ^[[1;4F
  kEND5                     = ^[[1;5F
  kEND6                     = ^[[1;6F
  kEND7                     = ^[[1;7F
  kHOM3                     = ^[[1;3H
  kHOM4                     = ^[[1;4H
  kHOM5                     = ^[[1;5H
  kHOM6                     = ^[[1;6H
  kHOM7                     = ^[[1;7H
  kIC3                      = ^[[2;3~
  kIC4                      = ^[[2;4~
  kIC5                      = ^[[2;5~
  kIC6                      = ^[[2;6~
  kIC7                      = ^[[2;7~
  kLFT3                     = ^[[1;3D
  kLFT4                     = ^[[1;4D
  kLFT5                     = ^[[1;5D
  kLFT6                     = ^[[1;6D
  kLFT7                     = ^[[1;7D
  kNXT3                     = ^[[6;3~
  kNXT4                     = ^[[6;4~
  kNXT5                     = ^[[6;5~
  kNXT6                     = ^[[6;6~
  kNXT7                     = ^[[6;7~
  kPRV3                     = ^[[5;3~
  kPRV4                     = ^[[5;4~
  kPRV5                     = ^[[5;5~
  kPRV6                     = ^[[5;6~
  kPRV7                     = ^[[5;7~
  kRIT3                     = ^[[1;3C
  kRIT4                     = ^[[1;4C
  kRIT5                     = ^[[1;5C
  kRIT6                     = ^[[1;6C
  kRIT7                     = ^[[1;7C
  kUP                       = ^[[1;2A
  kUP3                      = ^[[1;3A
  kUP4                      = ^[[1;4A
  kUP5                      = ^[[1;5A
  kUP6                      = ^[[1;6A
  kUP7                      = ^[[1;7A
  ka2                       = ^[Ox
  kb1                       = ^[Ot
  kb3                       = ^[Ov
  kc2                       = ^[Or
  kp5                       = ^[OE
  kpADD                     = ^[Ok
  kpCMA                     = ^[Ol
  kpDIV                     = ^[Oo
  kpDOT                     = ^[On
  kpMUL                     = ^[Oj
  kpSUB                     = ^[Om
  kpZRO                     = ^[Op
  kxIN                      = ^[[I
  kxOUT                     = ^[[O
  rmxx                      = ^[[29m
  rv                        = ^[\[41;[1-6][0-9][0-9];0c
  smxx                      = ^[[9m
  xm                        = ^[[<%i%p3%d;%p1%d;%p2%d;%?%p4%tM%em%;
  xr                        = ^[P>\|XTerm\([1-9][0-9]+\)^[\\
  ext.resize_screen         = ^[[8;%p1%d;%p2%dt
  ext.reset_scroll_region   = ^[[r
  ext.enter_altfont_mode    = ^[[11m
  setrgbf                   = ^[[38;2;%p1%d;%p2%d;%p3%dm
  setrgbb                   = ^[[48;2;%p1%d;%p2%d;%p3%dm
  ext.save_title            = ^[[22;0t
  ext.restore_title         = ^[[23;0t
  ext.set_title             = ^[]0;%p2%s^G
  ext.enable_lr_margin      = ^[[?69h
  ext.disable_lr_margin     = ^[[?69l
  ext.enable_bpaste         = ^[[?2004h
  ext.disable_bpaste        = ^[[?2004l
  ext.enable_focus          = ^[[?1004h
  ext.disable_focus         = ^[[?1004l
  ext.enable_mouse          = ^[[?1002h^[[?1006h
  ext.disable_mouse         = ^[[?1002l^[[?1006l
  ext.enable_mouse_move     = ^[[?1003h
  ext.disable_mouse_move    = ^[[?1003l
  Sync                      = ^[[?2026%?%p1%{1}%-%tl%eh%;
}}}

not found in runtime path: "parser/comment.*"
Executing OptionSet Autocommands for "*"
autocommand <Lua 154: /nix/store/9z1bymfdzlcj4sd1panwp6vvg9xjvsfw-vim-pack-dir/pack/myNeovimPackages/start/nvim-treesitter-context/lua/treesitter-context.lua:142>

Executing BufNew Autocommands for "*"
autocommand <Lua 458: /nix/store/9z1bymfdzlcj4sd1panwp6vvg9xjvsfw-vim-pack-dir/pack/myNeovimPackages/start/which-key.nvim/lua/which-key/state.lua:135>

Executing OptionSet Autocommands for "*"
autocommand <Lua 154: /nix/store/9z1bymfdzlcj4sd1panwp6vvg9xjvsfw-vim-pack-dir/pack/myNeovimPackages/start/nvim-treesitter-context/lua/treesitter-context.lua:142>

Executing OptionSet Autocommands for "*"
autocommand <Lua 154: /nix/store/9z1bymfdzlcj4sd1panwp6vvg9xjvsfw-vim-pack-dir/pack/myNeovimPackages/start/nvim-treesitter-context/lua/treesitter-context.lua:142>

Executing OptionSet Autocommands for "*"
autocommand <Lua 154: /nix/store/9z1bymfdzlcj4sd1panwp6vvg9xjvsfw-vim-pack-dir/pack/myNeovimPackages/start/nvim-treesitter-context/lua/treesitter-context.lua:142>

Executing OptionSet Autocommands for "*"
autocommand <Lua 154: /nix/store/9z1bymfdzlcj4sd1panwp6vvg9xjvsfw-vim-pack-dir/pack/myNeovimPackages/start/nvim-treesitter-context/lua/treesitter-context.lua:142>

Executing OptionSet Autocommands for "*"
autocommand <Lua 154: /nix/store/9z1bymfdzlcj4sd1panwp6vvg9xjvsfw-vim-pack-dir/pack/myNeovimPackages/start/nvim-treesitter-context/lua/treesitter-context.lua:142>

Executing OptionSet Autocommands for "*"
autocommand <Lua 154: /nix/store/9z1bymfdzlcj4sd1panwp6vvg9xjvsfw-vim-pack-dir/pack/myNeovimPackages/start/nvim-treesitter-context/lua/treesitter-context.lua:142>

Executing FileType Autocommands for "*"
autocommand call s:LoadFTPlugin()

not found in runtime path: "ftplugin/snacks_notif[.]{vim,lua} ftplugin/snacks_notif_*.{vim,lua} ftplugin/snacks_notif/*.{vim,lua}"
Executing FileType Autocommands for "*"
autocommand call s:LoadIndent()

not found in runtime path: "indent/snacks_notif[.]{vim,lua}"
Executing FileType Autocommands for "*"
autocommand <Lua 158: /nix/store/9z1bymfdzlcj4sd1panwp6vvg9xjvsfw-vim-pack-dir/pack/myNeovimPackages/start/nvim-treesitter/lua/nvim-treesitter/install.lua:558>

Executing FileType Autocommands for "*"
autocommand <Lua 238: /nix/store/9z1bymfdzlcj4sd1panwp6vvg9xjvsfw-vim-pack-dir/pack/myNeovimPackages/start/indent-blankline.nvim/lua/ibl/autocmds.lua:26>

Executing FileType Autocommands for "*"
autocommand <Lua 295: /nix/store/9z1bymfdzlcj4sd1panwp6vvg9xjvsfw-vim-pack-dir/pack/myNeovimPackages/start/edgy.nvim/lua/edgy/config.lua:164>

Executing FileType Autocommands for "*"
autocommand <Lua 977: /nix/store/9z1bymfdzlcj4sd1panwp6vvg9xjvsfw-vim-pack-dir/pack/myNeovimPackages/start/copilot.lua/lua/copilot/client/init.lua:216>

Executing FileType Autocommands for "*"
autocommand if !exists('b:ts_highlight') | 0verbose exe "set syntax=" . expand("<amatch>") | endif

Executing FileType Autocommands for "*"
autocommand <Lua 585: /nix/store/9z1bymfdzlcj4sd1panwp6vvg9xjvsfw-vim-pack-dir/pack/myNeovimPackages/start/nvim-treesitter/lua/nvim-treesitter/configs.lua:132>

Executing FileType Autocommands for "*"
autocommand <Lua 586: /nix/store/9z1bymfdzlcj4sd1panwp6vvg9xjvsfw-vim-pack-dir/pack/myNeovimPackages/start/nvim-treesitter/lua/nvim-treesitter/configs.lua:132>

Executing FileType Autocommands for "*"
autocommand <Lua 587: /nix/store/9z1bymfdzlcj4sd1panwp6vvg9xjvsfw-vim-pack-dir/pack/myNeovimPackages/start/nvim-treesitter/lua/nvim-treesitter/configs.lua:132>

Executing FileType Autocommands for "*"
autocommand <Lua 592: /nix/store/9z1bymfdzlcj4sd1panwp6vvg9xjvsfw-vim-pack-dir/pack/myNeovimPackages/start/nvim-treesitter/lua/nvim-treesitter/configs.lua:132>

Executing FileType Autocommands for "*"
autocommand <Lua 593: /nix/store/9z1bymfdzlcj4sd1panwp6vvg9xjvsfw-vim-pack-dir/pack/myNeovimPackages/start/nvim-treesitter/lua/nvim-treesitter/configs.lua:132>

Executing FileType Autocommands for "*"
autocommand <Lua 594: /nix/store/9z1bymfdzlcj4sd1panwp6vvg9xjvsfw-vim-pack-dir/pack/myNeovimPackages/start/nvim-treesitter/lua/nvim-treesitter/configs.lua:132>

Executing FileType Autocommands for "*"
autocommand <Lua 617: /nix/store/9z1bymfdzlcj4sd1panwp6vvg9xjvsfw-vim-pack-dir/pack/myNeovimPackages/start/vim-illuminate/lua/illuminate/engine.lua:58>

Executing FileType Autocommands for "*"
autocommand <Lua 632: /nix/store/g2fc5ikh6hnm5mhwbly2agcv01hn9fqk-neovim-unwrapped-0.11.4/share/nvim/runtime/lua/vim/lsp.lua:613>

Executing FileType Autocommands for "*"
autocommand call v:lua.require'lualine'.refresh({'kind': 'window', 'place': ['statusline'], 'trigger': 'autocmd'})

Executing OptionSet Autocommands for "filetype"
autocommand <Lua 200: /nix/store/9z1bymfdzlcj4sd1panwp6vvg9xjvsfw-vim-pack-dir/pack/myNeovimPackages/start/nvim-ufo/lua/ufo/main.lua:51>

Executing OptionSet Autocommands for "*"
autocommand <Lua 154: /nix/store/9z1bymfdzlcj4sd1panwp6vvg9xjvsfw-vim-pack-dir/pack/myNeovimPackages/start/nvim-treesitter-context/lua/treesitter-context.lua:142>

Executing OptionSet Autocommands for "*"
autocommand <Lua 154: /nix/store/9z1bymfdzlcj4sd1panwp6vvg9xjvsfw-vim-pack-dir/pack/myNeovimPackages/start/nvim-treesitter-context/lua/treesitter-context.lua:142>

Executing OptionSet Autocommands for "*"
autocommand <Lua 154: /nix/store/9z1bymfdzlcj4sd1panwp6vvg9xjvsfw-vim-pack-dir/pack/myNeovimPackages/start/nvim-treesitter-context/lua/treesitter-context.lua:142>

Executing OptionSet Autocommands for "*"
autocommand <Lua 154: /nix/store/9z1bymfdzlcj4sd1panwp6vvg9xjvsfw-vim-pack-dir/pack/myNeovimPackages/start/nvim-treesitter-context/lua/treesitter-context.lua:142>

Executing OptionSet Autocommands for "*"
autocommand <Lua 154: /nix/store/9z1bymfdzlcj4sd1panwp6vvg9xjvsfw-vim-pack-dir/pack/myNeovimPackages/start/nvim-treesitter-context/lua/treesitter-context.lua:142>

Executing OptionSet Autocommands for "listchars"
autocommand <Lua 242: /nix/store/9z1bymfdzlcj4sd1panwp6vvg9xjvsfw-vim-pack-dir/pack/myNeovimPackages/start/indent-blankline.nvim/lua/ibl/autocmds.lua:33>

Executing OptionSet Autocommands for "*"
autocommand <Lua 154: /nix/store/9z1bymfdzlcj4sd1panwp6vvg9xjvsfw-vim-pack-dir/pack/myNeovimPackages/start/nvim-treesitter-context/lua/treesitter-context.lua:142>

Executing OptionSet Autocommands for "*"
autocommand <Lua 154: /nix/store/9z1bymfdzlcj4sd1panwp6vvg9xjvsfw-vim-pack-dir/pack/myNeovimPackages/start/nvim-treesitter-context/lua/treesitter-context.lua:142>

Executing OptionSet Autocommands for "*"
autocommand <Lua 154: /nix/store/9z1bymfdzlcj4sd1panwp6vvg9xjvsfw-vim-pack-dir/pack/myNeovimPackages/start/nvim-treesitter-context/lua/treesitter-context.lua:142>

Executing OptionSet Autocommands for "*"
autocommand <Lua 154: /nix/store/9z1bymfdzlcj4sd1panwp6vvg9xjvsfw-vim-pack-dir/pack/myNeovimPackages/start/nvim-treesitter-context/lua/treesitter-context.lua:142>

Executing OptionSet Autocommands for "*"
autocommand <Lua 154: /nix/store/9z1bymfdzlcj4sd1panwp6vvg9xjvsfw-vim-pack-dir/pack/myNeovimPackages/start/nvim-treesitter-context/lua/treesitter-context.lua:142>

Executing OptionSet Autocommands for "*"
autocommand <Lua 154: /nix/store/9z1bymfdzlcj4sd1panwp6vvg9xjvsfw-vim-pack-dir/pack/myNeovimPackages/start/nvim-treesitter-context/lua/treesitter-context.lua:142>

Executing OptionSet Autocommands for "*"
autocommand <Lua 154: /nix/store/9z1bymfdzlcj4sd1panwp6vvg9xjvsfw-vim-pack-dir/pack/myNeovimPackages/start/nvim-treesitter-context/lua/treesitter-context.lua:142>

Executing OptionSet Autocommands for "*"
autocommand <Lua 154: /nix/store/9z1bymfdzlcj4sd1panwp6vvg9xjvsfw-vim-pack-dir/pack/myNeovimPackages/start/nvim-treesitter-context/lua/treesitter-context.lua:142>

Executing OptionSet Autocommands for "*"
autocommand <Lua 154: /nix/store/9z1bymfdzlcj4sd1panwp6vvg9xjvsfw-vim-pack-dir/pack/myNeovimPackages/start/nvim-treesitter-context/lua/treesitter-context.lua:142>

Executing OptionSet Autocommands for "*"
autocommand <Lua 154: /nix/store/9z1bymfdzlcj4sd1panwp6vvg9xjvsfw-vim-pack-dir/pack/myNeovimPackages/start/nvim-treesitter-context/lua/treesitter-context.lua:142>

Executing OptionSet Autocommands for "*"
autocommand <Lua 154: /nix/store/9z1bymfdzlcj4sd1panwp6vvg9xjvsfw-vim-pack-dir/pack/myNeovimPackages/start/nvim-treesitter-context/lua/treesitter-context.lua:142>

Executing OptionSet Autocommands for "*"
autocommand <Lua 154: /nix/store/9z1bymfdzlcj4sd1panwp6vvg9xjvsfw-vim-pack-dir/pack/myNeovimPackages/start/nvim-treesitter-context/lua/treesitter-context.lua:142>

Executing OptionSet Autocommands for "*"
autocommand <Lua 154: /nix/store/9z1bymfdzlcj4sd1panwp6vvg9xjvsfw-vim-pack-dir/pack/myNeovimPackages/start/nvim-treesitter-context/lua/treesitter-context.lua:142>

Executing OptionSet Autocommands for "list"
autocommand <Lua 241: /nix/store/9z1bymfdzlcj4sd1panwp6vvg9xjvsfw-vim-pack-dir/pack/myNeovimPackages/start/indent-blankline.nvim/lua/ibl/autocmds.lua:33>

Executing OptionSet Autocommands for "*"
autocommand <Lua 154: /nix/store/9z1bymfdzlcj4sd1panwp6vvg9xjvsfw-vim-pack-dir/pack/myNeovimPackages/start/nvim-treesitter-context/lua/treesitter-context.lua:142>

Executing Syntax Autocommands for "*"
autocommand call s:SynSet()

Executing OptionSet Autocommands for "syntax"
autocommand <Lua 201: /nix/store/9z1bymfdzlcj4sd1panwp6vvg9xjvsfw-vim-pack-dir/pack/myNeovimPackages/start/nvim-ufo/lua/ufo/main.lua:51>

Executing OptionSet Autocommands for "*"
autocommand <Lua 154: /nix/store/9z1bymfdzlcj4sd1panwp6vvg9xjvsfw-vim-pack-dir/pack/myNeovimPackages/start/nvim-treesitter-context/lua/treesitter-context.lua:142>

Executing OptionSet Autocommands for "*"
autocommand <Lua 154: /nix/store/9z1bymfdzlcj4sd1panwp6vvg9xjvsfw-vim-pack-dir/pack/myNeovimPackages/start/nvim-treesitter-context/lua/treesitter-context.lua:142>

Executing OptionSet Autocommands for "*"
autocommand <Lua 154: /nix/store/9z1bymfdzlcj4sd1panwp6vvg9xjvsfw-vim-pack-dir/pack/myNeovimPackages/start/nvim-treesitter-context/lua/treesitter-context.lua:142>

Executing BufNew Autocommands for "*"
autocommand <Lua 458: /nix/store/9z1bymfdzlcj4sd1panwp6vvg9xjvsfw-vim-pack-dir/pack/myNeovimPackages/start/which-key.nvim/lua/which-key/state.lua:135>

Executing OptionSet Autocommands for "*"
autocommand <Lua 154: /nix/store/9z1bymfdzlcj4sd1panwp6vvg9xjvsfw-vim-pack-dir/pack/myNeovimPackages/start/nvim-treesitter-context/lua/treesitter-context.lua:142>

Executing OptionSet Autocommands for "*"
autocommand <Lua 154: /nix/store/9z1bymfdzlcj4sd1panwp6vvg9xjvsfw-vim-pack-dir/pack/myNeovimPackages/start/nvim-treesitter-context/lua/treesitter-context.lua:142>

Executing OptionSet Autocommands for "*"
autocommand <Lua 154: /nix/store/9z1bymfdzlcj4sd1panwp6vvg9xjvsfw-vim-pack-dir/pack/myNeovimPackages/start/nvim-treesitter-context/lua/treesitter-context.lua:142>

Executing OptionSet Autocommands for "*"
autocommand <Lua 154: /nix/store/9z1bymfdzlcj4sd1panwp6vvg9xjvsfw-vim-pack-dir/pack/myNeovimPackages/start/nvim-treesitter-context/lua/treesitter-context.lua:142>

Executing OptionSet Autocommands for "*"
autocommand <Lua 154: /nix/store/9z1bymfdzlcj4sd1panwp6vvg9xjvsfw-vim-pack-dir/pack/myNeovimPackages/start/nvim-treesitter-context/lua/treesitter-context.lua:142>

Executing OptionSet Autocommands for "*"
autocommand <Lua 154: /nix/store/9z1bymfdzlcj4sd1panwp6vvg9xjvsfw-vim-pack-dir/pack/myNeovimPackages/start/nvim-treesitter-context/lua/treesitter-context.lua:142>

Executing FileType Autocommands for "*"
autocommand call s:LoadFTPlugin()

not found in runtime path: "ftplugin/snacks_notif[.]{vim,lua} ftplugin/snacks_notif_*.{vim,lua} ftplugin/snacks_notif/*.{vim,lua}"
Executing FileType Autocommands for "*"
autocommand call s:LoadIndent()

not found in runtime path: "indent/snacks_notif[.]{vim,lua}"
Executing FileType Autocommands for "*"
autocommand <Lua 158: /nix/store/9z1bymfdzlcj4sd1panwp6vvg9xjvsfw-vim-pack-dir/pack/myNeovimPackages/start/nvim-treesitter/lua/nvim-treesitter/install.lua:558>

Executing FileType Autocommands for "*"
autocommand <Lua 238: /nix/store/9z1bymfdzlcj4sd1panwp6vvg9xjvsfw-vim-pack-dir/pack/myNeovimPackages/start/indent-blankline.nvim/lua/ibl/autocmds.lua:26>

Executing FileType Autocommands for "*"
autocommand <Lua 295: /nix/store/9z1bymfdzlcj4sd1panwp6vvg9xjvsfw-vim-pack-dir/pack/myNeovimPackages/start/edgy.nvim/lua/edgy/config.lua:164>

Executing FileType Autocommands for "*"
autocommand <Lua 977: /nix/store/9z1bymfdzlcj4sd1panwp6vvg9xjvsfw-vim-pack-dir/pack/myNeovimPackages/start/copilot.lua/lua/copilot/client/init.lua:216>

Executing FileType Autocommands for "*"
autocommand if !exists('b:ts_highlight') | 0verbose exe "set syntax=" . expand("<amatch>") | endif

Executing FileType Autocommands for "*"
autocommand <Lua 585: /nix/store/9z1bymfdzlcj4sd1panwp6vvg9xjvsfw-vim-pack-dir/pack/myNeovimPackages/start/nvim-treesitter/lua/nvim-treesitter/configs.lua:132>

Executing FileType Autocommands for "*"
autocommand <Lua 586: /nix/store/9z1bymfdzlcj4sd1panwp6vvg9xjvsfw-vim-pack-dir/pack/myNeovimPackages/start/nvim-treesitter/lua/nvim-treesitter/configs.lua:132>

Executing FileType Autocommands for "*"
autocommand <Lua 587: /nix/store/9z1bymfdzlcj4sd1panwp6vvg9xjvsfw-vim-pack-dir/pack/myNeovimPackages/start/nvim-treesitter/lua/nvim-treesitter/configs.lua:132>

Executing FileType Autocommands for "*"
autocommand <Lua 592: /nix/store/9z1bymfdzlcj4sd1panwp6vvg9xjvsfw-vim-pack-dir/pack/myNeovimPackages/start/nvim-treesitter/lua/nvim-treesitter/configs.lua:132>

Executing FileType Autocommands for "*"
autocommand <Lua 593: /nix/store/9z1bymfdzlcj4sd1panwp6vvg9xjvsfw-vim-pack-dir/pack/myNeovimPackages/start/nvim-treesitter/lua/nvim-treesitter/configs.lua:132>

Executing FileType Autocommands for "*"
autocommand <Lua 594: /nix/store/9z1bymfdzlcj4sd1panwp6vvg9xjvsfw-vim-pack-dir/pack/myNeovimPackages/start/nvim-treesitter/lua/nvim-treesitter/configs.lua:132>

Executing FileType Autocommands for "*"
autocommand <Lua 617: /nix/store/9z1bymfdzlcj4sd1panwp6vvg9xjvsfw-vim-pack-dir/pack/myNeovimPackages/start/vim-illuminate/lua/illuminate/engine.lua:58>

Executing FileType Autocommands for "*"
autocommand <Lua 632: /nix/store/g2fc5ikh6hnm5mhwbly2agcv01hn9fqk-neovim-unwrapped-0.11.4/share/nvim/runtime/lua/vim/lsp.lua:613>

Executing FileType Autocommands for "*"
autocommand call v:lua.require'lualine'.refresh({'kind': 'window', 'place': ['statusline'], 'trigger': 'autocmd'})

Executing OptionSet Autocommands for "filetype"
autocommand <Lua 200: /nix/store/9z1bymfdzlcj4sd1panwp6vvg9xjvsfw-vim-pack-dir/pack/myNeovimPackages/start/nvim-ufo/lua/ufo/main.lua:51>

Executing OptionSet Autocommands for "*"
autocommand <Lua 154: /nix/store/9z1bymfdzlcj4sd1panwp6vvg9xjvsfw-vim-pack-dir/pack/myNeovimPackages/start/nvim-treesitter-context/lua/treesitter-context.lua:142>

Executing OptionSet Autocommands for "*"
autocommand <Lua 154: /nix/store/9z1bymfdzlcj4sd1panwp6vvg9xjvsfw-vim-pack-dir/pack/myNeovimPackages/start/nvim-treesitter-context/lua/treesitter-context.lua:142>

Executing OptionSet Autocommands for "*"
autocommand <Lua 154: /nix/store/9z1bymfdzlcj4sd1panwp6vvg9xjvsfw-vim-pack-dir/pack/myNeovimPackages/start/nvim-treesitter-context/lua/treesitter-context.lua:142>

Executing OptionSet Autocommands for "*"
autocommand <Lua 154: /nix/store/9z1bymfdzlcj4sd1panwp6vvg9xjvsfw-vim-pack-dir/pack/myNeovimPackages/start/nvim-treesitter-context/lua/treesitter-context.lua:142>

Executing OptionSet Autocommands for "*"
autocommand <Lua 154: /nix/store/9z1bymfdzlcj4sd1panwp6vvg9xjvsfw-vim-pack-dir/pack/myNeovimPackages/start/nvim-treesitter-context/lua/treesitter-context.lua:142>

Executing OptionSet Autocommands for "listchars"
autocommand <Lua 242: /nix/store/9z1bymfdzlcj4sd1panwp6vvg9xjvsfw-vim-pack-dir/pack/myNeovimPackages/start/indent-blankline.nvim/lua/ibl/autocmds.lua:33>

Executing OptionSet Autocommands for "*"
autocommand <Lua 154: /nix/store/9z1bymfdzlcj4sd1panwp6vvg9xjvsfw-vim-pack-dir/pack/myNeovimPackages/start/nvim-treesitter-context/lua/treesitter-context.lua:142>

Executing OptionSet Autocommands for "*"
autocommand <Lua 154: /nix/store/9z1bymfdzlcj4sd1panwp6vvg9xjvsfw-vim-pack-dir/pack/myNeovimPackages/start/nvim-treesitter-context/lua/treesitter-context.lua:142>

Executing OptionSet Autocommands for "*"
autocommand <Lua 154: /nix/store/9z1bymfdzlcj4sd1panwp6vvg9xjvsfw-vim-pack-dir/pack/myNeovimPackages/start/nvim-treesitter-context/lua/treesitter-context.lua:142>

Executing OptionSet Autocommands for "*"
autocommand <Lua 154: /nix/store/9z1bymfdzlcj4sd1panwp6vvg9xjvsfw-vim-pack-dir/pack/myNeovimPackages/start/nvim-treesitter-context/lua/treesitter-context.lua:142>

Executing OptionSet Autocommands for "*"
autocommand <Lua 154: /nix/store/9z1bymfdzlcj4sd1panwp6vvg9xjvsfw-vim-pack-dir/pack/myNeovimPackages/start/nvim-treesitter-context/lua/treesitter-context.lua:142>

Executing OptionSet Autocommands for "*"
autocommand <Lua 154: /nix/store/9z1bymfdzlcj4sd1panwp6vvg9xjvsfw-vim-pack-dir/pack/myNeovimPackages/start/nvim-treesitter-context/lua/treesitter-context.lua:142>

Executing OptionSet Autocommands for "*"
autocommand <Lua 154: /nix/store/9z1bymfdzlcj4sd1panwp6vvg9xjvsfw-vim-pack-dir/pack/myNeovimPackages/start/nvim-treesitter-context/lua/treesitter-context.lua:142>

Executing OptionSet Autocommands for "*"
autocommand <Lua 154: /nix/store/9z1bymfdzlcj4sd1panwp6vvg9xjvsfw-vim-pack-dir/pack/myNeovimPackages/start/nvim-treesitter-context/lua/treesitter-context.lua:142>

Executing OptionSet Autocommands for "*"
autocommand <Lua 154: /nix/store/9z1bymfdzlcj4sd1panwp6vvg9xjvsfw-vim-pack-dir/pack/myNeovimPackages/start/nvim-treesitter-context/lua/treesitter-context.lua:142>

Executing OptionSet Autocommands for "*"
autocommand <Lua 154: /nix/store/9z1bymfdzlcj4sd1panwp6vvg9xjvsfw-vim-pack-dir/pack/myNeovimPackages/start/nvim-treesitter-context/lua/treesitter-context.lua:142>

Executing OptionSet Autocommands for "*"
autocommand <Lua 154: /nix/store/9z1bymfdzlcj4sd1panwp6vvg9xjvsfw-vim-pack-dir/pack/myNeovimPackages/start/nvim-treesitter-context/lua/treesitter-context.lua:142>

Executing OptionSet Autocommands for "*"
autocommand <Lua 154: /nix/store/9z1bymfdzlcj4sd1panwp6vvg9xjvsfw-vim-pack-dir/pack/myNeovimPackages/start/nvim-treesitter-context/lua/treesitter-context.lua:142>

Executing OptionSet Autocommands for "*"
autocommand <Lua 154: /nix/store/9z1bymfdzlcj4sd1panwp6vvg9xjvsfw-vim-pack-dir/pack/myNeovimPackages/start/nvim-treesitter-context/lua/treesitter-context.lua:142>

Executing OptionSet Autocommands for "list"
autocommand <Lua 241: /nix/store/9z1bymfdzlcj4sd1panwp6vvg9xjvsfw-vim-pack-dir/pack/myNeovimPackages/start/indent-blankline.nvim/lua/ibl/autocmds.lua:33>

Executing OptionSet Autocommands for "*"
autocommand <Lua 154: /nix/store/9z1bymfdzlcj4sd1panwp6vvg9xjvsfw-vim-pack-dir/pack/myNeovimPackages/start/nvim-treesitter-context/lua/treesitter-context.lua:142>

Executing Syntax Autocommands for "*"
autocommand call s:SynSet()

Executing OptionSet Autocommands for "syntax"
autocommand <Lua 201: /nix/store/9z1bymfdzlcj4sd1panwp6vvg9xjvsfw-vim-pack-dir/pack/myNeovimPackages/start/nvim-ufo/lua/ufo/main.lua:51>

Executing OptionSet Autocommands for "*"
autocommand <Lua 154: /nix/store/9z1bymfdzlcj4sd1panwp6vvg9xjvsfw-vim-pack-dir/pack/myNeovimPackages/start/nvim-treesitter-context/lua/treesitter-context.lua:142>

Executing OptionSet Autocommands for "*"
autocommand <Lua 154: /nix/store/9z1bymfdzlcj4sd1panwp6vvg9xjvsfw-vim-pack-dir/pack/myNeovimPackages/start/nvim-treesitter-context/lua/treesitter-context.lua:142>

Executing FileType Autocommands for "*"
autocommand call s:LoadFTPlugin()

not found in runtime path: "ftplugin/snacks_notif[.]{vim,lua} ftplugin/snacks_notif_*.{vim,lua} ftplugin/snacks_notif/*.{vim,lua}"
Executing FileType Autocommands for "*"
autocommand call s:LoadIndent()

not found in runtime path: "indent/snacks_notif[.]{vim,lua}"
Executing FileType Autocommands for "*"
autocommand <Lua 158: /nix/store/9z1bymfdzlcj4sd1panwp6vvg9xjvsfw-vim-pack-dir/pack/myNeovimPackages/start/nvim-treesitter/lua/nvim-treesitter/install.lua:558>

Executing FileType Autocommands for "*"
autocommand <Lua 238: /nix/store/9z1bymfdzlcj4sd1panwp6vvg9xjvsfw-vim-pack-dir/pack/myNeovimPackages/start/indent-blankline.nvim/lua/ibl/autocmds.lua:26>

Executing FileType Autocommands for "*"
autocommand <Lua 295: /nix/store/9z1bymfdzlcj4sd1panwp6vvg9xjvsfw-vim-pack-dir/pack/myNeovimPackages/start/edgy.nvim/lua/edgy/config.lua:164>

Executing FileType Autocommands for "*"
autocommand <Lua 977: /nix/store/9z1bymfdzlcj4sd1panwp6vvg9xjvsfw-vim-pack-dir/pack/myNeovimPackages/start/copilot.lua/lua/copilot/client/init.lua:216>

Executing FileType Autocommands for "*"
autocommand if !exists('b:ts_highlight') | 0verbose exe "set syntax=" . expand("<amatch>") | endif

Executing FileType Autocommands for "*"
autocommand <Lua 585: /nix/store/9z1bymfdzlcj4sd1panwp6vvg9xjvsfw-vim-pack-dir/pack/myNeovimPackages/start/nvim-treesitter/lua/nvim-treesitter/configs.lua:132>

Executing FileType Autocommands for "*"
autocommand <Lua 586: /nix/store/9z1bymfdzlcj4sd1panwp6vvg9xjvsfw-vim-pack-dir/pack/myNeovimPackages/start/nvim-treesitter/lua/nvim-treesitter/configs.lua:132>

Executing FileType Autocommands for "*"
autocommand <Lua 587: /nix/store/9z1bymfdzlcj4sd1panwp6vvg9xjvsfw-vim-pack-dir/pack/myNeovimPackages/start/nvim-treesitter/lua/nvim-treesitter/configs.lua:132>

Executing FileType Autocommands for "*"
autocommand <Lua 592: /nix/store/9z1bymfdzlcj4sd1panwp6vvg9xjvsfw-vim-pack-dir/pack/myNeovimPackages/start/nvim-treesitter/lua/nvim-treesitter/configs.lua:132>

Executing FileType Autocommands for "*"
autocommand <Lua 593: /nix/store/9z1bymfdzlcj4sd1panwp6vvg9xjvsfw-vim-pack-dir/pack/myNeovimPackages/start/nvim-treesitter/lua/nvim-treesitter/configs.lua:132>

Executing FileType Autocommands for "*"
autocommand <Lua 594: /nix/store/9z1bymfdzlcj4sd1panwp6vvg9xjvsfw-vim-pack-dir/pack/myNeovimPackages/start/nvim-treesitter/lua/nvim-treesitter/configs.lua:132>

Executing FileType Autocommands for "*"
autocommand <Lua 617: /nix/store/9z1bymfdzlcj4sd1panwp6vvg9xjvsfw-vim-pack-dir/pack/myNeovimPackages/start/vim-illuminate/lua/illuminate/engine.lua:58>

Executing FileType Autocommands for "*"
autocommand <Lua 632: /nix/store/g2fc5ikh6hnm5mhwbly2agcv01hn9fqk-neovim-unwrapped-0.11.4/share/nvim/runtime/lua/vim/lsp.lua:613>

Executing FileType Autocommands for "*"
autocommand call v:lua.require'lualine'.refresh({'kind': 'window', 'place': ['statusline'], 'trigger': 'autocmd'})

Executing OptionSet Autocommands for "filetype"
autocommand <Lua 200: /nix/store/9z1bymfdzlcj4sd1panwp6vvg9xjvsfw-vim-pack-dir/pack/myNeovimPackages/start/nvim-ufo/lua/ufo/main.lua:51>

Executing OptionSet Autocommands for "*"
autocommand <Lua 154: /nix/store/9z1bymfdzlcj4sd1panwp6vvg9xjvsfw-vim-pack-dir/pack/myNeovimPackages/start/nvim-treesitter-context/lua/treesitter-context.lua:142>

Executing OptionSet Autocommands for "*"
autocommand <Lua 154: /nix/store/9z1bymfdzlcj4sd1panwp6vvg9xjvsfw-vim-pack-dir/pack/myNeovimPackages/start/nvim-treesitter-context/lua/treesitter-context.lua:142>

Executing OptionSet Autocommands for "*"
autocommand <Lua 154: /nix/store/9z1bymfdzlcj4sd1panwp6vvg9xjvsfw-vim-pack-dir/pack/myNeovimPackages/start/nvim-treesitter-context/lua/treesitter-context.lua:142>

Executing OptionSet Autocommands for "*"
autocommand <Lua 154: /nix/store/9z1bymfdzlcj4sd1panwp6vvg9xjvsfw-vim-pack-dir/pack/myNeovimPackages/start/nvim-treesitter-context/lua/treesitter-context.lua:142>

Executing OptionSet Autocommands for "*"
autocommand <Lua 154: /nix/store/9z1bymfdzlcj4sd1panwp6vvg9xjvsfw-vim-pack-dir/pack/myNeovimPackages/start/nvim-treesitter-context/lua/treesitter-context.lua:142>

Executing OptionSet Autocommands for "listchars"
autocommand <Lua 242: /nix/store/9z1bymfdzlcj4sd1panwp6vvg9xjvsfw-vim-pack-dir/pack/myNeovimPackages/start/indent-blankline.nvim/lua/ibl/autocmds.lua:33>

Executing OptionSet Autocommands for "*"
autocommand <Lua 154: /nix/store/9z1bymfdzlcj4sd1panwp6vvg9xjvsfw-vim-pack-dir/pack/myNeovimPackages/start/nvim-treesitter-context/lua/treesitter-context.lua:142>

Executing OptionSet Autocommands for "*"
autocommand <Lua 154: /nix/store/9z1bymfdzlcj4sd1panwp6vvg9xjvsfw-vim-pack-dir/pack/myNeovimPackages/start/nvim-treesitter-context/lua/treesitter-context.lua:142>

Executing OptionSet Autocommands for "*"
autocommand <Lua 154: /nix/store/9z1bymfdzlcj4sd1panwp6vvg9xjvsfw-vim-pack-dir/pack/myNeovimPackages/start/nvim-treesitter-context/lua/treesitter-context.lua:142>

Executing OptionSet Autocommands for "*"
autocommand <Lua 154: /nix/store/9z1bymfdzlcj4sd1panwp6vvg9xjvsfw-vim-pack-dir/pack/myNeovimPackages/start/nvim-treesitter-context/lua/treesitter-context.lua:142>

Executing OptionSet Autocommands for "*"
autocommand <Lua 154: /nix/store/9z1bymfdzlcj4sd1panwp6vvg9xjvsfw-vim-pack-dir/pack/myNeovimPackages/start/nvim-treesitter-context/lua/treesitter-context.lua:142>

Executing OptionSet Autocommands for "*"
autocommand <Lua 154: /nix/store/9z1bymfdzlcj4sd1panwp6vvg9xjvsfw-vim-pack-dir/pack/myNeovimPackages/start/nvim-treesitter-context/lua/treesitter-context.lua:142>

Executing OptionSet Autocommands for "*"
autocommand <Lua 154: /nix/store/9z1bymfdzlcj4sd1panwp6vvg9xjvsfw-vim-pack-dir/pack/myNeovimPackages/start/nvim-treesitter-context/lua/treesitter-context.lua:142>

Executing OptionSet Autocommands for "*"
autocommand <Lua 154: /nix/store/9z1bymfdzlcj4sd1panwp6vvg9xjvsfw-vim-pack-dir/pack/myNeovimPackages/start/nvim-treesitter-context/lua/treesitter-context.lua:142>

Executing OptionSet Autocommands for "*"
autocommand <Lua 154: /nix/store/9z1bymfdzlcj4sd1panwp6vvg9xjvsfw-vim-pack-dir/pack/myNeovimPackages/start/nvim-treesitter-context/lua/treesitter-context.lua:142>

Executing OptionSet Autocommands for "*"
autocommand <Lua 154: /nix/store/9z1bymfdzlcj4sd1panwp6vvg9xjvsfw-vim-pack-dir/pack/myNeovimPackages/start/nvim-treesitter-context/lua/treesitter-context.lua:142>

Executing OptionSet Autocommands for "*"
autocommand <Lua 154: /nix/store/9z1bymfdzlcj4sd1panwp6vvg9xjvsfw-vim-pack-dir/pack/myNeovimPackages/start/nvim-treesitter-context/lua/treesitter-context.lua:142>

Executing OptionSet Autocommands for "*"
autocommand <Lua 154: /nix/store/9z1bymfdzlcj4sd1panwp6vvg9xjvsfw-vim-pack-dir/pack/myNeovimPackages/start/nvim-treesitter-context/lua/treesitter-context.lua:142>

Executing OptionSet Autocommands for "*"
autocommand <Lua 154: /nix/store/9z1bymfdzlcj4sd1panwp6vvg9xjvsfw-vim-pack-dir/pack/myNeovimPackages/start/nvim-treesitter-context/lua/treesitter-context.lua:142>

Executing OptionSet Autocommands for "list"
autocommand <Lua 241: /nix/store/9z1bymfdzlcj4sd1panwp6vvg9xjvsfw-vim-pack-dir/pack/myNeovimPackages/start/indent-blankline.nvim/lua/ibl/autocmds.lua:33>

Executing OptionSet Autocommands for "*"
autocommand <Lua 154: /nix/store/9z1bymfdzlcj4sd1panwp6vvg9xjvsfw-vim-pack-dir/pack/myNeovimPackages/start/nvim-treesitter-context/lua/treesitter-context.lua:142>

Executing FileType Autocommands for "*"
autocommand call s:LoadFTPlugin()

not found in runtime path: "ftplugin/snacks_notif[.]{vim,lua} ftplugin/snacks_notif_*.{vim,lua} ftplugin/snacks_notif/*.{vim,lua}"
Executing FileType Autocommands for "*"
autocommand call s:LoadIndent()

not found in runtime path: "indent/snacks_notif[.]{vim,lua}"
Executing FileType Autocommands for "*"
autocommand <Lua 158: /nix/store/9z1bymfdzlcj4sd1panwp6vvg9xjvsfw-vim-pack-dir/pack/myNeovimPackages/start/nvim-treesitter/lua/nvim-treesitter/install.lua:558>

Executing FileType Autocommands for "*"
autocommand <Lua 238: /nix/store/9z1bymfdzlcj4sd1panwp6vvg9xjvsfw-vim-pack-dir/pack/myNeovimPackages/start/indent-blankline.nvim/lua/ibl/autocmds.lua:26>

Executing FileType Autocommands for "*"
autocommand <Lua 295: /nix/store/9z1bymfdzlcj4sd1panwp6vvg9xjvsfw-vim-pack-dir/pack/myNeovimPackages/start/edgy.nvim/lua/edgy/config.lua:164>

Executing FileType Autocommands for "*"
autocommand <Lua 977: /nix/store/9z1bymfdzlcj4sd1panwp6vvg9xjvsfw-vim-pack-dir/pack/myNeovimPackages/start/copilot.lua/lua/copilot/client/init.lua:216>

Executing FileType Autocommands for "*"
autocommand if !exists('b:ts_highlight') | 0verbose exe "set syntax=" . expand("<amatch>") | endif

Executing FileType Autocommands for "*"
autocommand <Lua 585: /nix/store/9z1bymfdzlcj4sd1panwp6vvg9xjvsfw-vim-pack-dir/pack/myNeovimPackages/start/nvim-treesitter/lua/nvim-treesitter/configs.lua:132>

Executing FileType Autocommands for "*"
autocommand <Lua 586: /nix/store/9z1bymfdzlcj4sd1panwp6vvg9xjvsfw-vim-pack-dir/pack/myNeovimPackages/start/nvim-treesitter/lua/nvim-treesitter/configs.lua:132>

Executing FileType Autocommands for "*"
autocommand <Lua 587: /nix/store/9z1bymfdzlcj4sd1panwp6vvg9xjvsfw-vim-pack-dir/pack/myNeovimPackages/start/nvim-treesitter/lua/nvim-treesitter/configs.lua:132>

Executing FileType Autocommands for "*"
autocommand <Lua 592: /nix/store/9z1bymfdzlcj4sd1panwp6vvg9xjvsfw-vim-pack-dir/pack/myNeovimPackages/start/nvim-treesitter/lua/nvim-treesitter/configs.lua:132>

Executing FileType Autocommands for "*"
autocommand <Lua 593: /nix/store/9z1bymfdzlcj4sd1panwp6vvg9xjvsfw-vim-pack-dir/pack/myNeovimPackages/start/nvim-treesitter/lua/nvim-treesitter/configs.lua:132>

Executing FileType Autocommands for "*"
autocommand <Lua 594: /nix/store/9z1bymfdzlcj4sd1panwp6vvg9xjvsfw-vim-pack-dir/pack/myNeovimPackages/start/nvim-treesitter/lua/nvim-treesitter/configs.lua:132>

Executing FileType Autocommands for "*"
autocommand <Lua 617: /nix/store/9z1bymfdzlcj4sd1panwp6vvg9xjvsfw-vim-pack-dir/pack/myNeovimPackages/start/vim-illuminate/lua/illuminate/engine.lua:58>

Executing FileType Autocommands for "*"
autocommand <Lua 632: /nix/store/g2fc5ikh6hnm5mhwbly2agcv01hn9fqk-neovim-unwrapped-0.11.4/share/nvim/runtime/lua/vim/lsp.lua:613>

Executing FileType Autocommands for "*"
autocommand call v:lua.require'lualine'.refresh({'kind': 'window', 'place': ['statusline'], 'trigger': 'autocmd'})

Executing OptionSet Autocommands for "filetype"
autocommand <Lua 200: /nix/store/9z1bymfdzlcj4sd1panwp6vvg9xjvsfw-vim-pack-dir/pack/myNeovimPackages/start/nvim-ufo/lua/ufo/main.lua:51>

Executing OptionSet Autocommands for "*"
autocommand <Lua 154: /nix/store/9z1bymfdzlcj4sd1panwp6vvg9xjvsfw-vim-pack-dir/pack/myNeovimPackages/start/nvim-treesitter-context/lua/treesitter-context.lua:142>

Executing OptionSet Autocommands for "*"
autocommand <Lua 154: /nix/store/9z1bymfdzlcj4sd1panwp6vvg9xjvsfw-vim-pack-dir/pack/myNeovimPackages/start/nvim-treesitter-context/lua/treesitter-context.lua:142>

Executing OptionSet Autocommands for "*"
autocommand <Lua 154: /nix/store/9z1bymfdzlcj4sd1panwp6vvg9xjvsfw-vim-pack-dir/pack/myNeovimPackages/start/nvim-treesitter-context/lua/treesitter-context.lua:142>

Executing OptionSet Autocommands for "*"
autocommand <Lua 154: /nix/store/9z1bymfdzlcj4sd1panwp6vvg9xjvsfw-vim-pack-dir/pack/myNeovimPackages/start/nvim-treesitter-context/lua/treesitter-context.lua:142>

Executing OptionSet Autocommands for "*"
autocommand <Lua 154: /nix/store/9z1bymfdzlcj4sd1panwp6vvg9xjvsfw-vim-pack-dir/pack/myNeovimPackages/start/nvim-treesitter-context/lua/treesitter-context.lua:142>

Executing OptionSet Autocommands for "listchars"
autocommand <Lua 242: /nix/store/9z1bymfdzlcj4sd1panwp6vvg9xjvsfw-vim-pack-dir/pack/myNeovimPackages/start/indent-blankline.nvim/lua/ibl/autocmds.lua:33>

Executing OptionSet Autocommands for "*"
autocommand <Lua 154: /nix/store/9z1bymfdzlcj4sd1panwp6vvg9xjvsfw-vim-pack-dir/pack/myNeovimPackages/start/nvim-treesitter-context/lua/treesitter-context.lua:142>

Executing OptionSet Autocommands for "*"
autocommand <Lua 154: /nix/store/9z1bymfdzlcj4sd1panwp6vvg9xjvsfw-vim-pack-dir/pack/myNeovimPackages/start/nvim-treesitter-context/lua/treesitter-context.lua:142>

Executing OptionSet Autocommands for "*"
autocommand <Lua 154: /nix/store/9z1bymfdzlcj4sd1panwp6vvg9xjvsfw-vim-pack-dir/pack/myNeovimPackages/start/nvim-treesitter-context/lua/treesitter-context.lua:142>

Executing OptionSet Autocommands for "*"
autocommand <Lua 154: /nix/store/9z1bymfdzlcj4sd1panwp6vvg9xjvsfw-vim-pack-dir/pack/myNeovimPackages/start/nvim-treesitter-context/lua/treesitter-context.lua:142>

Executing OptionSet Autocommands for "*"
autocommand <Lua 154: /nix/store/9z1bymfdzlcj4sd1panwp6vvg9xjvsfw-vim-pack-dir/pack/myNeovimPackages/start/nvim-treesitter-context/lua/treesitter-context.lua:142>

Executing OptionSet Autocommands for "*"
autocommand <Lua 154: /nix/store/9z1bymfdzlcj4sd1panwp6vvg9xjvsfw-vim-pack-dir/pack/myNeovimPackages/start/nvim-treesitter-context/lua/treesitter-context.lua:142>

Executing OptionSet Autocommands for "*"
autocommand <Lua 154: /nix/store/9z1bymfdzlcj4sd1panwp6vvg9xjvsfw-vim-pack-dir/pack/myNeovimPackages/start/nvim-treesitter-context/lua/treesitter-context.lua:142>

Executing OptionSet Autocommands for "*"
autocommand <Lua 154: /nix/store/9z1bymfdzlcj4sd1panwp6vvg9xjvsfw-vim-pack-dir/pack/myNeovimPackages/start/nvim-treesitter-context/lua/treesitter-context.lua:142>

Executing OptionSet Autocommands for "*"
autocommand <Lua 154: /nix/store/9z1bymfdzlcj4sd1panwp6vvg9xjvsfw-vim-pack-dir/pack/myNeovimPackages/start/nvim-treesitter-context/lua/treesitter-context.lua:142>

Executing OptionSet Autocommands for "*"
autocommand <Lua 154: /nix/store/9z1bymfdzlcj4sd1panwp6vvg9xjvsfw-vim-pack-dir/pack/myNeovimPackages/start/nvim-treesitter-context/lua/treesitter-context.lua:142>

Executing OptionSet Autocommands for "*"
autocommand <Lua 154: /nix/store/9z1bymfdzlcj4sd1panwp6vvg9xjvsfw-vim-pack-dir/pack/myNeovimPackages/start/nvim-treesitter-context/lua/treesitter-context.lua:142>

Executing OptionSet Autocommands for "*"
autocommand <Lua 154: /nix/store/9z1bymfdzlcj4sd1panwp6vvg9xjvsfw-vim-pack-dir/pack/myNeovimPackages/start/nvim-treesitter-context/lua/treesitter-context.lua:142>

Executing OptionSet Autocommands for "*"
autocommand <Lua 154: /nix/store/9z1bymfdzlcj4sd1panwp6vvg9xjvsfw-vim-pack-dir/pack/myNeovimPackages/start/nvim-treesitter-context/lua/treesitter-context.lua:142>

Executing OptionSet Autocommands for "list"
autocommand <Lua 241: /nix/store/9z1bymfdzlcj4sd1panwp6vvg9xjvsfw-vim-pack-dir/pack/myNeovimPackages/start/indent-blankline.nvim/lua/ibl/autocmds.lua:33>

Executing OptionSet Autocommands for "*"
autocommand <Lua 154: /nix/store/9z1bymfdzlcj4sd1panwp6vvg9xjvsfw-vim-pack-dir/pack/myNeovimPackages/start/nvim-treesitter-context/lua/treesitter-context.lua:142>

Executing OptionSet Autocommands for "*"
autocommand <Lua 154: /nix/store/9z1bymfdzlcj4sd1panwp6vvg9xjvsfw-vim-pack-dir/pack/myNeovimPackages/start/nvim-treesitter-context/lua/treesitter-context.lua:142>

Executing OptionSet Autocommands for "*"
autocommand <Lua 154: /nix/store/9z1bymfdzlcj4sd1panwp6vvg9xjvsfw-vim-pack-dir/pack/myNeovimPackages/start/nvim-treesitter-context/lua/treesitter-context.lua:142>

Executing OptionSet Autocommands for "*"
autocommand <Lua 154: /nix/store/9z1bymfdzlcj4sd1panwp6vvg9xjvsfw-vim-pack-dir/pack/myNeovimPackages/start/nvim-treesitter-context/lua/treesitter-context.lua:142>

Executing CursorHold Autocommands for "*"
autocommand silent! call s:CursorHoldUpdate()

Movement-mode debug: Checking keymaps...
Found 'm' keymap: {
  abbr = 0,
  buffer = 0,
  callback = <function 1>,
  desc = "Enter movement mode",
  expr = 0,
  lhs = "m",
  lhsraw = "m",
  lnum = 169,
  mode = "n",
  mode_bits = 1,
  noremap = 1,
  nowait = 0,
  script = 0,
  scriptversion = 1,
  sid = 63,
  silent = 1
}
Set test keymap on F12 - please try pressing F12 to test keymap system
Executing BufNew Autocommands for "*"
autocommand <Lua 458: /nix/store/9z1bymfdzlcj4sd1panwp6vvg9xjvsfw-vim-pack-dir/pack/myNeovimPackages/start/which-key.nvim/lua/which-key/state.lua:135>

Executing OptionSet Autocommands for "*"
autocommand <Lua 154: /nix/store/9z1bymfdzlcj4sd1panwp6vvg9xjvsfw-vim-pack-dir/pack/myNeovimPackages/start/nvim-treesitter-context/lua/treesitter-context.lua:142>

Executing OptionSet Autocommands for "*"
autocommand <Lua 154: /nix/store/9z1bymfdzlcj4sd1panwp6vvg9xjvsfw-vim-pack-dir/pack/myNeovimPackages/start/nvim-treesitter-context/lua/treesitter-context.lua:142>

Executing OptionSet Autocommands for "*"
autocommand <Lua 154: /nix/store/9z1bymfdzlcj4sd1panwp6vvg9xjvsfw-vim-pack-dir/pack/myNeovimPackages/start/nvim-treesitter-context/lua/treesitter-context.lua:142>

Executing OptionSet Autocommands for "*"
autocommand <Lua 154: /nix/store/9z1bymfdzlcj4sd1panwp6vvg9xjvsfw-vim-pack-dir/pack/myNeovimPackages/start/nvim-treesitter-context/lua/treesitter-context.lua:142>

Executing OptionSet Autocommands for "*"
autocommand <Lua 154: /nix/store/9z1bymfdzlcj4sd1panwp6vvg9xjvsfw-vim-pack-dir/pack/myNeovimPackages/start/nvim-treesitter-context/lua/treesitter-context.lua:142>

Executing OptionSet Autocommands for "*"
autocommand <Lua 154: /nix/store/9z1bymfdzlcj4sd1panwp6vvg9xjvsfw-vim-pack-dir/pack/myNeovimPackages/start/nvim-treesitter-context/lua/treesitter-context.lua:142>

Executing FileType Autocommands for "*"
autocommand call s:LoadFTPlugin()

not found in runtime path: "ftplugin/snacks_notif[.]{vim,lua} ftplugin/snacks_notif_*.{vim,lua} ftplugin/snacks_notif/*.{vim,lua}"
Executing FileType Autocommands for "*"
autocommand call s:LoadIndent()

not found in runtime path: "indent/snacks_notif[.]{vim,lua}"
Executing FileType Autocommands for "*"
autocommand <Lua 158: /nix/store/9z1bymfdzlcj4sd1panwp6vvg9xjvsfw-vim-pack-dir/pack/myNeovimPackages/start/nvim-treesitter/lua/nvim-treesitter/install.lua:558>

Executing FileType Autocommands for "*"
autocommand <Lua 238: /nix/store/9z1bymfdzlcj4sd1panwp6vvg9xjvsfw-vim-pack-dir/pack/myNeovimPackages/start/indent-blankline.nvim/lua/ibl/autocmds.lua:26>

Executing FileType Autocommands for "*"
autocommand <Lua 295: /nix/store/9z1bymfdzlcj4sd1panwp6vvg9xjvsfw-vim-pack-dir/pack/myNeovimPackages/start/edgy.nvim/lua/edgy/config.lua:164>

Executing FileType Autocommands for "*"
autocommand <Lua 977: /nix/store/9z1bymfdzlcj4sd1panwp6vvg9xjvsfw-vim-pack-dir/pack/myNeovimPackages/start/copilot.lua/lua/copilot/client/init.lua:216>

Executing FileType Autocommands for "*"
autocommand if !exists('b:ts_highlight') | 0verbose exe "set syntax=" . expand("<amatch>") | endif

Executing FileType Autocommands for "*"
autocommand <Lua 585: /nix/store/9z1bymfdzlcj4sd1panwp6vvg9xjvsfw-vim-pack-dir/pack/myNeovimPackages/start/nvim-treesitter/lua/nvim-treesitter/configs.lua:132>

Executing FileType Autocommands for "*"
autocommand <Lua 586: /nix/store/9z1bymfdzlcj4sd1panwp6vvg9xjvsfw-vim-pack-dir/pack/myNeovimPackages/start/nvim-treesitter/lua/nvim-treesitter/configs.lua:132>

Executing FileType Autocommands for "*"
autocommand <Lua 587: /nix/store/9z1bymfdzlcj4sd1panwp6vvg9xjvsfw-vim-pack-dir/pack/myNeovimPackages/start/nvim-treesitter/lua/nvim-treesitter/configs.lua:132>

Executing FileType Autocommands for "*"
autocommand <Lua 592: /nix/store/9z1bymfdzlcj4sd1panwp6vvg9xjvsfw-vim-pack-dir/pack/myNeovimPackages/start/nvim-treesitter/lua/nvim-treesitter/configs.lua:132>

Executing FileType Autocommands for "*"
autocommand <Lua 593: /nix/store/9z1bymfdzlcj4sd1panwp6vvg9xjvsfw-vim-pack-dir/pack/myNeovimPackages/start/nvim-treesitter/lua/nvim-treesitter/configs.lua:132>

Executing FileType Autocommands for "*"
autocommand <Lua 594: /nix/store/9z1bymfdzlcj4sd1panwp6vvg9xjvsfw-vim-pack-dir/pack/myNeovimPackages/start/nvim-treesitter/lua/nvim-treesitter/configs.lua:132>

Executing FileType Autocommands for "*"
autocommand <Lua 617: /nix/store/9z1bymfdzlcj4sd1panwp6vvg9xjvsfw-vim-pack-dir/pack/myNeovimPackages/start/vim-illuminate/lua/illuminate/engine.lua:58>

Executing FileType Autocommands for "*"
autocommand <Lua 632: /nix/store/g2fc5ikh6hnm5mhwbly2agcv01hn9fqk-neovim-unwrapped-0.11.4/share/nvim/runtime/lua/vim/lsp.lua:613>

Executing FileType Autocommands for "*"
autocommand call v:lua.require'lualine'.refresh({'kind': 'window', 'place': ['statusline'], 'trigger': 'autocmd'})

Executing OptionSet Autocommands for "filetype"
autocommand <Lua 200: /nix/store/9z1bymfdzlcj4sd1panwp6vvg9xjvsfw-vim-pack-dir/pack/myNeovimPackages/start/nvim-ufo/lua/ufo/main.lua:51>

Executing OptionSet Autocommands for "*"
autocommand <Lua 154: /nix/store/9z1bymfdzlcj4sd1panwp6vvg9xjvsfw-vim-pack-dir/pack/myNeovimPackages/start/nvim-treesitter-context/lua/treesitter-context.lua:142>

Executing OptionSet Autocommands for "*"
autocommand <Lua 154: /nix/store/9z1bymfdzlcj4sd1panwp6vvg9xjvsfw-vim-pack-dir/pack/myNeovimPackages/start/nvim-treesitter-context/lua/treesitter-context.lua:142>

Executing OptionSet Autocommands for "*"
autocommand <Lua 154: /nix/store/9z1bymfdzlcj4sd1panwp6vvg9xjvsfw-vim-pack-dir/pack/myNeovimPackages/start/nvim-treesitter-context/lua/treesitter-context.lua:142>

Executing OptionSet Autocommands for "*"
autocommand <Lua 154: /nix/store/9z1bymfdzlcj4sd1panwp6vvg9xjvsfw-vim-pack-dir/pack/myNeovimPackages/start/nvim-treesitter-context/lua/treesitter-context.lua:142>

Executing OptionSet Autocommands for "*"
autocommand <Lua 154: /nix/store/9z1bymfdzlcj4sd1panwp6vvg9xjvsfw-vim-pack-dir/pack/myNeovimPackages/start/nvim-treesitter-context/lua/treesitter-context.lua:142>

Executing OptionSet Autocommands for "listchars"
autocommand <Lua 242: /nix/store/9z1bymfdzlcj4sd1panwp6vvg9xjvsfw-vim-pack-dir/pack/myNeovimPackages/start/indent-blankline.nvim/lua/ibl/autocmds.lua:33>

Executing OptionSet Autocommands for "*"
autocommand <Lua 154: /nix/store/9z1bymfdzlcj4sd1panwp6vvg9xjvsfw-vim-pack-dir/pack/myNeovimPackages/start/nvim-treesitter-context/lua/treesitter-context.lua:142>

Executing OptionSet Autocommands for "*"
autocommand <Lua 154: /nix/store/9z1bymfdzlcj4sd1panwp6vvg9xjvsfw-vim-pack-dir/pack/myNeovimPackages/start/nvim-treesitter-context/lua/treesitter-context.lua:142>

Executing OptionSet Autocommands for "*"
autocommand <Lua 154: /nix/store/9z1bymfdzlcj4sd1panwp6vvg9xjvsfw-vim-pack-dir/pack/myNeovimPackages/start/nvim-treesitter-context/lua/treesitter-context.lua:142>

Executing OptionSet Autocommands for "*"
autocommand <Lua 154: /nix/store/9z1bymfdzlcj4sd1panwp6vvg9xjvsfw-vim-pack-dir/pack/myNeovimPackages/start/nvim-treesitter-context/lua/treesitter-context.lua:142>

Executing OptionSet Autocommands for "*"
autocommand <Lua 154: /nix/store/9z1bymfdzlcj4sd1panwp6vvg9xjvsfw-vim-pack-dir/pack/myNeovimPackages/start/nvim-treesitter-context/lua/treesitter-context.lua:142>

Executing OptionSet Autocommands for "*"
autocommand <Lua 154: /nix/store/9z1bymfdzlcj4sd1panwp6vvg9xjvsfw-vim-pack-dir/pack/myNeovimPackages/start/nvim-treesitter-context/lua/treesitter-context.lua:142>

Executing OptionSet Autocommands for "*"
autocommand <Lua 154: /nix/store/9z1bymfdzlcj4sd1panwp6vvg9xjvsfw-vim-pack-dir/pack/myNeovimPackages/start/nvim-treesitter-context/lua/treesitter-context.lua:142>

Executing OptionSet Autocommands for "*"
autocommand <Lua 154: /nix/store/9z1bymfdzlcj4sd1panwp6vvg9xjvsfw-vim-pack-dir/pack/myNeovimPackages/start/nvim-treesitter-context/lua/treesitter-context.lua:142>

Executing OptionSet Autocommands for "*"
autocommand <Lua 154: /nix/store/9z1bymfdzlcj4sd1panwp6vvg9xjvsfw-vim-pack-dir/pack/myNeovimPackages/start/nvim-treesitter-context/lua/treesitter-context.lua:142>

Executing OptionSet Autocommands for "*"
autocommand <Lua 154: /nix/store/9z1bymfdzlcj4sd1panwp6vvg9xjvsfw-vim-pack-dir/pack/myNeovimPackages/start/nvim-treesitter-context/lua/treesitter-context.lua:142>

Executing OptionSet Autocommands for "*"
autocommand <Lua 154: /nix/store/9z1bymfdzlcj4sd1panwp6vvg9xjvsfw-vim-pack-dir/pack/myNeovimPackages/start/nvim-treesitter-context/lua/treesitter-context.lua:142>

Executing OptionSet Autocommands for "*"
autocommand <Lua 154: /nix/store/9z1bymfdzlcj4sd1panwp6vvg9xjvsfw-vim-pack-dir/pack/myNeovimPackages/start/nvim-treesitter-context/lua/treesitter-context.lua:142>

Executing OptionSet Autocommands for "*"
autocommand <Lua 154: /nix/store/9z1bymfdzlcj4sd1panwp6vvg9xjvsfw-vim-pack-dir/pack/myNeovimPackages/start/nvim-treesitter-context/lua/treesitter-context.lua:142>

Executing OptionSet Autocommands for "list"
autocommand <Lua 241: /nix/store/9z1bymfdzlcj4sd1panwp6vvg9xjvsfw-vim-pack-dir/pack/myNeovimPackages/start/indent-blankline.nvim/lua/ibl/autocmds.lua:33>

Executing OptionSet Autocommands for "*"
autocommand <Lua 154: /nix/store/9z1bymfdzlcj4sd1panwp6vvg9xjvsfw-vim-pack-dir/pack/myNeovimPackages/start/nvim-treesitter-context/lua/treesitter-context.lua:142>

Executing Syntax Autocommands for "*"
autocommand call s:SynSet()

Executing OptionSet Autocommands for "syntax"
autocommand <Lua 201: /nix/store/9z1bymfdzlcj4sd1panwp6vvg9xjvsfw-vim-pack-dir/pack/myNeovimPackages/start/nvim-ufo/lua/ufo/main.lua:51>

Executing OptionSet Autocommands for "*"
autocommand <Lua 154: /nix/store/9z1bymfdzlcj4sd1panwp6vvg9xjvsfw-vim-pack-dir/pack/myNeovimPackages/start/nvim-treesitter-context/lua/treesitter-context.lua:142>

Executing OptionSet Autocommands for "*"
autocommand <Lua 154: /nix/store/9z1bymfdzlcj4sd1panwp6vvg9xjvsfw-vim-pack-dir/pack/myNeovimPackages/start/nvim-treesitter-context/lua/treesitter-context.lua:142>

Executing OptionSet Autocommands for "*"
autocommand <Lua 154: /nix/store/9z1bymfdzlcj4sd1panwp6vvg9xjvsfw-vim-pack-dir/pack/myNeovimPackages/start/nvim-treesitter-context/lua/treesitter-context.lua:142>

Executing OptionSet Autocommands for "*"
autocommand <Lua 154: /nix/store/9z1bymfdzlcj4sd1panwp6vvg9xjvsfw-vim-pack-dir/pack/myNeovimPackages/start/nvim-treesitter-context/lua/treesitter-context.lua:142>

Executing OptionSet Autocommands for "*"
autocommand <Lua 154: /nix/store/9z1bymfdzlcj4sd1panwp6vvg9xjvsfw-vim-pack-dir/pack/myNeovimPackages/start/nvim-treesitter-context/lua/treesitter-context.lua:142>

Executing OptionSet Autocommands for "*"
autocommand <Lua 154: /nix/store/9z1bymfdzlcj4sd1panwp6vvg9xjvsfw-vim-pack-dir/pack/myNeovimPackages/start/nvim-treesitter-context/lua/treesitter-context.lua:142>

Executing LspAttach Autocommands for "*"
autocommand <Lua 119: /nix/store/g2fc5ikh6hnm5mhwbly2agcv01hn9fqk-neovim-unwrapped-0.11.4/share/nvim/runtime/lua/vim/lsp/inlay_hint.lua:268>

Executing LspAttach Autocommands for "*"
autocommand <Lua 182: /nix/store/9z1bymfdzlcj4sd1panwp6vvg9xjvsfw-vim-pack-dir/pack/myNeovimPackages/start/snacks.nvim/lua/snacks/init.lua:187>

Executing LspAttach Autocommands for "*"
autocommand <Lua 222: /nix/store/9z1bymfdzlcj4sd1panwp6vvg9xjvsfw-vim-pack-dir/pack/myNeovimPackages/start/lspsaga.nvim/lua/lspsaga/codeaction/lightbulb.lua:148>

Executing LspAttach Autocommands for "*"
autocommand <Lua 224: /nix/store/9z1bymfdzlcj4sd1panwp6vvg9xjvsfw-vim-pack-dir/pack/myNeovimPackages/start/lspsaga.nvim/lua/lspsaga/symbol/head.lua:167>

Executing LspRequest Autocommands for "*"
autocommand <Lua 589: /nix/store/9z1bymfdzlcj4sd1panwp6vvg9xjvsfw-vim-pack-dir/pack/myNeovimPackages/start/nvim-treesitter-context/lua/treesitter-context.lua:233>

Executing LspAttach Autocommands for "*"
autocommand <Lua 226: /nix/store/9z1bymfdzlcj4sd1panwp6vvg9xjvsfw-vim-pack-dir/pack/myNeovimPackages/start/lsp_signature.nvim/lua/lsp_signature/init.lua:1239>

Executing LspAttach Autocommands for "*"
autocommand <Lua 466: /nix/store/4j3ikf0rp2lgd9gqf79vinlqfwh465db-init.lua:2035>

Executing LspAttach Autocommands for "*"
autocommand <Lua 467: /nix/store/4j3ikf0rp2lgd9gqf79vinlqfwh465db-init.lua:2051>

Executing LspAttach Autocommands for "*"
autocommand <Lua 743: /nix/store/9z1bymfdzlcj4sd1panwp6vvg9xjvsfw-vim-pack-dir/pack/myNeovimPackages/start/noice.nvim/lua/noice/lsp/signature.lua:54>

Executing LspAttach Autocommands for "*"
autocommand <Lua 455: /nix/store/9z1bymfdzlcj4sd1panwp6vvg9xjvsfw-vim-pack-dir/pack/myNeovimPackages/start/which-key.nvim/lua/which-key/state.lua:126>

Executing LspNotify Autocommands for "*"
autocommand <Lua 118: /nix/store/g2fc5ikh6hnm5mhwbly2agcv01hn9fqk-neovim-unwrapped-0.11.4/share/nvim/runtime/lua/vim/lsp/inlay_hint.lua:251>

Executing LspNotify Autocommands for "<buffer=1>"
autocommand <Lua 132: /nix/store/9z1bymfdzlcj4sd1panwp6vvg9xjvsfw-vim-pack-dir/pack/myNeovimPackages/start/lspsaga.nvim/lua/lspsaga/symbol/head.lua:36>

Executing LspNotify Autocommands for "*"
autocommand <Lua 118: /nix/store/g2fc5ikh6hnm5mhwbly2agcv01hn9fqk-neovim-unwrapped-0.11.4/share/nvim/runtime/lua/vim/lsp/inlay_hint.lua:251>

Executing LspRequest Autocommands for "*"
autocommand <Lua 589: /nix/store/9z1bymfdzlcj4sd1panwp6vvg9xjvsfw-vim-pack-dir/pack/myNeovimPackages/start/nvim-treesitter-context/lua/treesitter-context.lua:233>

Executing LspNotify Autocommands for "<buffer=1>"
autocommand <Lua 132: /nix/store/9z1bymfdzlcj4sd1panwp6vvg9xjvsfw-vim-pack-dir/pack/myNeovimPackages/start/lspsaga.nvim/lua/lspsaga/symbol/head.lua:36>

Executing LspRequest Autocommands for "*"
autocommand <Lua 589: /nix/store/9z1bymfdzlcj4sd1panwp6vvg9xjvsfw-vim-pack-dir/pack/myNeovimPackages/start/nvim-treesitter-context/lua/treesitter-context.lua:233>

Executing BufNew Autocommands for "*"
autocommand <Lua 458: /nix/store/9z1bymfdzlcj4sd1panwp6vvg9xjvsfw-vim-pack-dir/pack/myNeovimPackages/start/which-key.nvim/lua/which-key/state.lua:135>

Executing OptionSet Autocommands for "*"
autocommand <Lua 154: /nix/store/9z1bymfdzlcj4sd1panwp6vvg9xjvsfw-vim-pack-dir/pack/myNeovimPackages/start/nvim-treesitter-context/lua/treesitter-context.lua:142>

Executing OptionSet Autocommands for "*"
autocommand <Lua 154: /nix/store/9z1bymfdzlcj4sd1panwp6vvg9xjvsfw-vim-pack-dir/pack/myNeovimPackages/start/nvim-treesitter-context/lua/treesitter-context.lua:142>

Executing OptionSet Autocommands for "*"
autocommand <Lua 154: /nix/store/9z1bymfdzlcj4sd1panwp6vvg9xjvsfw-vim-pack-dir/pack/myNeovimPackages/start/nvim-treesitter-context/lua/treesitter-context.lua:142>

Executing OptionSet Autocommands for "*"
autocommand <Lua 154: /nix/store/9z1bymfdzlcj4sd1panwp6vvg9xjvsfw-vim-pack-dir/pack/myNeovimPackages/start/nvim-treesitter-context/lua/treesitter-context.lua:142>

Executing OptionSet Autocommands for "*"
autocommand <Lua 154: /nix/store/9z1bymfdzlcj4sd1panwp6vvg9xjvsfw-vim-pack-dir/pack/myNeovimPackages/start/nvim-treesitter-context/lua/treesitter-context.lua:142>

Executing OptionSet Autocommands for "*"
autocommand <Lua 154: /nix/store/9z1bymfdzlcj4sd1panwp6vvg9xjvsfw-vim-pack-dir/pack/myNeovimPackages/start/nvim-treesitter-context/lua/treesitter-context.lua:142>

Executing FileType Autocommands for "*"
autocommand call s:LoadFTPlugin()

not found in runtime path: "ftplugin/snacks_notif[.]{vim,lua} ftplugin/snacks_notif_*.{vim,lua} ftplugin/snacks_notif/*.{vim,lua}"
Executing FileType Autocommands for "*"
autocommand call s:LoadIndent()

not found in runtime path: "indent/snacks_notif[.]{vim,lua}"
Executing FileType Autocommands for "*"
autocommand <Lua 158: /nix/store/9z1bymfdzlcj4sd1panwp6vvg9xjvsfw-vim-pack-dir/pack/myNeovimPackages/start/nvim-treesitter/lua/nvim-treesitter/install.lua:558>

Executing FileType Autocommands for "*"
autocommand <Lua 238: /nix/store/9z1bymfdzlcj4sd1panwp6vvg9xjvsfw-vim-pack-dir/pack/myNeovimPackages/start/indent-blankline.nvim/lua/ibl/autocmds.lua:26>

Executing FileType Autocommands for "*"
autocommand <Lua 295: /nix/store/9z1bymfdzlcj4sd1panwp6vvg9xjvsfw-vim-pack-dir/pack/myNeovimPackages/start/edgy.nvim/lua/edgy/config.lua:164>

Executing FileType Autocommands for "*"
autocommand <Lua 977: /nix/store/9z1bymfdzlcj4sd1panwp6vvg9xjvsfw-vim-pack-dir/pack/myNeovimPackages/start/copilot.lua/lua/copilot/client/init.lua:216>

Executing FileType Autocommands for "*"
autocommand if !exists('b:ts_highlight') | 0verbose exe "set syntax=" . expand("<amatch>") | endif

Executing FileType Autocommands for "*"
autocommand <Lua 585: /nix/store/9z1bymfdzlcj4sd1panwp6vvg9xjvsfw-vim-pack-dir/pack/myNeovimPackages/start/nvim-treesitter/lua/nvim-treesitter/configs.lua:132>

Executing FileType Autocommands for "*"
autocommand <Lua 586: /nix/store/9z1bymfdzlcj4sd1panwp6vvg9xjvsfw-vim-pack-dir/pack/myNeovimPackages/start/nvim-treesitter/lua/nvim-treesitter/configs.lua:132>

Executing FileType Autocommands for "*"
autocommand <Lua 587: /nix/store/9z1bymfdzlcj4sd1panwp6vvg9xjvsfw-vim-pack-dir/pack/myNeovimPackages/start/nvim-treesitter/lua/nvim-treesitter/configs.lua:132>

Executing FileType Autocommands for "*"
autocommand <Lua 592: /nix/store/9z1bymfdzlcj4sd1panwp6vvg9xjvsfw-vim-pack-dir/pack/myNeovimPackages/start/nvim-treesitter/lua/nvim-treesitter/configs.lua:132>

Executing FileType Autocommands for "*"
autocommand <Lua 593: /nix/store/9z1bymfdzlcj4sd1panwp6vvg9xjvsfw-vim-pack-dir/pack/myNeovimPackages/start/nvim-treesitter/lua/nvim-treesitter/configs.lua:132>

Executing FileType Autocommands for "*"
autocommand <Lua 594: /nix/store/9z1bymfdzlcj4sd1panwp6vvg9xjvsfw-vim-pack-dir/pack/myNeovimPackages/start/nvim-treesitter/lua/nvim-treesitter/configs.lua:132>

Executing FileType Autocommands for "*"
autocommand <Lua 617: /nix/store/9z1bymfdzlcj4sd1panwp6vvg9xjvsfw-vim-pack-dir/pack/myNeovimPackages/start/vim-illuminate/lua/illuminate/engine.lua:58>

Executing FileType Autocommands for "*"
autocommand <Lua 632: /nix/store/g2fc5ikh6hnm5mhwbly2agcv01hn9fqk-neovim-unwrapped-0.11.4/share/nvim/runtime/lua/vim/lsp.lua:613>

Executing FileType Autocommands for "*"
autocommand call v:lua.require'lualine'.refresh({'kind': 'window', 'place': ['statusline'], 'trigger': 'autocmd'})

Executing OptionSet Autocommands for "filetype"
autocommand <Lua 200: /nix/store/9z1bymfdzlcj4sd1panwp6vvg9xjvsfw-vim-pack-dir/pack/myNeovimPackages/start/nvim-ufo/lua/ufo/main.lua:51>

Executing OptionSet Autocommands for "*"
autocommand <Lua 154: /nix/store/9z1bymfdzlcj4sd1panwp6vvg9xjvsfw-vim-pack-dir/pack/myNeovimPackages/start/nvim-treesitter-context/lua/treesitter-context.lua:142>

Executing OptionSet Autocommands for "*"
autocommand <Lua 154: /nix/store/9z1bymfdzlcj4sd1panwp6vvg9xjvsfw-vim-pack-dir/pack/myNeovimPackages/start/nvim-treesitter-context/lua/treesitter-context.lua:142>

Executing OptionSet Autocommands for "*"
autocommand <Lua 154: /nix/store/9z1bymfdzlcj4sd1panwp6vvg9xjvsfw-vim-pack-dir/pack/myNeovimPackages/start/nvim-treesitter-context/lua/treesitter-context.lua:142>

Executing OptionSet Autocommands for "*"
autocommand <Lua 154: /nix/store/9z1bymfdzlcj4sd1panwp6vvg9xjvsfw-vim-pack-dir/pack/myNeovimPackages/start/nvim-treesitter-context/lua/treesitter-context.lua:142>

Executing OptionSet Autocommands for "*"
autocommand <Lua 154: /nix/store/9z1bymfdzlcj4sd1panwp6vvg9xjvsfw-vim-pack-dir/pack/myNeovimPackages/start/nvim-treesitter-context/lua/treesitter-context.lua:142>

Executing OptionSet Autocommands for "listchars"
autocommand <Lua 242: /nix/store/9z1bymfdzlcj4sd1panwp6vvg9xjvsfw-vim-pack-dir/pack/myNeovimPackages/start/indent-blankline.nvim/lua/ibl/autocmds.lua:33>

Executing OptionSet Autocommands for "*"
autocommand <Lua 154: /nix/store/9z1bymfdzlcj4sd1panwp6vvg9xjvsfw-vim-pack-dir/pack/myNeovimPackages/start/nvim-treesitter-context/lua/treesitter-context.lua:142>

Executing OptionSet Autocommands for "*"
autocommand <Lua 154: /nix/store/9z1bymfdzlcj4sd1panwp6vvg9xjvsfw-vim-pack-dir/pack/myNeovimPackages/start/nvim-treesitter-context/lua/treesitter-context.lua:142>

Executing OptionSet Autocommands for "*"
autocommand <Lua 154: /nix/store/9z1bymfdzlcj4sd1panwp6vvg9xjvsfw-vim-pack-dir/pack/myNeovimPackages/start/nvim-treesitter-context/lua/treesitter-context.lua:142>

Executing OptionSet Autocommands for "*"
autocommand <Lua 154: /nix/store/9z1bymfdzlcj4sd1panwp6vvg9xjvsfw-vim-pack-dir/pack/myNeovimPackages/start/nvim-treesitter-context/lua/treesitter-context.lua:142>

Executing OptionSet Autocommands for "*"
autocommand <Lua 154: /nix/store/9z1bymfdzlcj4sd1panwp6vvg9xjvsfw-vim-pack-dir/pack/myNeovimPackages/start/nvim-treesitter-context/lua/treesitter-context.lua:142>

Executing OptionSet Autocommands for "*"
autocommand <Lua 154: /nix/store/9z1bymfdzlcj4sd1panwp6vvg9xjvsfw-vim-pack-dir/pack/myNeovimPackages/start/nvim-treesitter-context/lua/treesitter-context.lua:142>

Executing OptionSet Autocommands for "*"
autocommand <Lua 154: /nix/store/9z1bymfdzlcj4sd1panwp6vvg9xjvsfw-vim-pack-dir/pack/myNeovimPackages/start/nvim-treesitter-context/lua/treesitter-context.lua:142>

Executing OptionSet Autocommands for "*"
autocommand <Lua 154: /nix/store/9z1bymfdzlcj4sd1panwp6vvg9xjvsfw-vim-pack-dir/pack/myNeovimPackages/start/nvim-treesitter-context/lua/treesitter-context.lua:142>

Executing OptionSet Autocommands for "*"
autocommand <Lua 154: /nix/store/9z1bymfdzlcj4sd1panwp6vvg9xjvsfw-vim-pack-dir/pack/myNeovimPackages/start/nvim-treesitter-context/lua/treesitter-context.lua:142>

Executing OptionSet Autocommands for "*"
autocommand <Lua 154: /nix/store/9z1bymfdzlcj4sd1panwp6vvg9xjvsfw-vim-pack-dir/pack/myNeovimPackages/start/nvim-treesitter-context/lua/treesitter-context.lua:142>

Executing OptionSet Autocommands for "*"
autocommand <Lua 154: /nix/store/9z1bymfdzlcj4sd1panwp6vvg9xjvsfw-vim-pack-dir/pack/myNeovimPackages/start/nvim-treesitter-context/lua/treesitter-context.lua:142>

Executing OptionSet Autocommands for "*"
autocommand <Lua 154: /nix/store/9z1bymfdzlcj4sd1panwp6vvg9xjvsfw-vim-pack-dir/pack/myNeovimPackages/start/nvim-treesitter-context/lua/treesitter-context.lua:142>

Executing OptionSet Autocommands for "*"
autocommand <Lua 154: /nix/store/9z1bymfdzlcj4sd1panwp6vvg9xjvsfw-vim-pack-dir/pack/myNeovimPackages/start/nvim-treesitter-context/lua/treesitter-context.lua:142>

Executing OptionSet Autocommands for "list"
autocommand <Lua 241: /nix/store/9z1bymfdzlcj4sd1panwp6vvg9xjvsfw-vim-pack-dir/pack/myNeovimPackages/start/indent-blankline.nvim/lua/ibl/autocmds.lua:33>

Executing OptionSet Autocommands for "*"
autocommand <Lua 154: /nix/store/9z1bymfdzlcj4sd1panwp6vvg9xjvsfw-vim-pack-dir/pack/myNeovimPackages/start/nvim-treesitter-context/lua/treesitter-context.lua:142>

Executing Syntax Autocommands for "*"
autocommand call s:SynSet()

Executing OptionSet Autocommands for "syntax"
autocommand <Lua 201: /nix/store/9z1bymfdzlcj4sd1panwp6vvg9xjvsfw-vim-pack-dir/pack/myNeovimPackages/start/nvim-ufo/lua/ufo/main.lua:51>

Executing OptionSet Autocommands for "*"
autocommand <Lua 154: /nix/store/9z1bymfdzlcj4sd1panwp6vvg9xjvsfw-vim-pack-dir/pack/myNeovimPackages/start/nvim-treesitter-context/lua/treesitter-context.lua:142>

Executing OptionSet Autocommands for "*"
autocommand <Lua 154: /nix/store/9z1bymfdzlcj4sd1panwp6vvg9xjvsfw-vim-pack-dir/pack/myNeovimPackages/start/nvim-treesitter-context/lua/treesitter-context.lua:142>

Executing OptionSet Autocommands for "*"
autocommand <Lua 154: /nix/store/9z1bymfdzlcj4sd1panwp6vvg9xjvsfw-vim-pack-dir/pack/myNeovimPackages/start/nvim-treesitter-context/lua/treesitter-context.lua:142>

Executing LspAttach Autocommands for "*"
autocommand <Lua 119: /nix/store/g2fc5ikh6hnm5mhwbly2agcv01hn9fqk-neovim-unwrapped-0.11.4/share/nvim/runtime/lua/vim/lsp/inlay_hint.lua:268>

Executing LspAttach Autocommands for "*"
autocommand <Lua 222: /nix/store/9z1bymfdzlcj4sd1panwp6vvg9xjvsfw-vim-pack-dir/pack/myNeovimPackages/start/lspsaga.nvim/lua/lspsaga/codeaction/lightbulb.lua:148>

Executing LspAttach Autocommands for "*"
autocommand <Lua 224: /nix/store/9z1bymfdzlcj4sd1panwp6vvg9xjvsfw-vim-pack-dir/pack/myNeovimPackages/start/lspsaga.nvim/lua/lspsaga/symbol/head.lua:167>

Executing LspAttach Autocommands for "*"
autocommand <Lua 226: /nix/store/9z1bymfdzlcj4sd1panwp6vvg9xjvsfw-vim-pack-dir/pack/myNeovimPackages/start/lsp_signature.nvim/lua/lsp_signature/init.lua:1239>

Executing LspAttach Autocommands for "*"
autocommand <Lua 466: /nix/store/4j3ikf0rp2lgd9gqf79vinlqfwh465db-init.lua:2035>

Executing LspAttach Autocommands for "*"
autocommand <Lua 467: /nix/store/4j3ikf0rp2lgd9gqf79vinlqfwh465db-init.lua:2051>

Executing LspAttach Autocommands for "*"
autocommand <Lua 743: /nix/store/9z1bymfdzlcj4sd1panwp6vvg9xjvsfw-vim-pack-dir/pack/myNeovimPackages/start/noice.nvim/lua/noice/lsp/signature.lua:54>

Executing LspAttach Autocommands for "*"
autocommand <Lua 455: /nix/store/9z1bymfdzlcj4sd1panwp6vvg9xjvsfw-vim-pack-dir/pack/myNeovimPackages/start/which-key.nvim/lua/which-key/state.lua:126>

Executing LspAttach Autocommands for "*"
autocommand <Lua 119: /nix/store/g2fc5ikh6hnm5mhwbly2agcv01hn9fqk-neovim-unwrapped-0.11.4/share/nvim/runtime/lua/vim/lsp/inlay_hint.lua:268>

Executing LspAttach Autocommands for "*"
autocommand <Lua 222: /nix/store/9z1bymfdzlcj4sd1panwp6vvg9xjvsfw-vim-pack-dir/pack/myNeovimPackages/start/lspsaga.nvim/lua/lspsaga/codeaction/lightbulb.lua:148>

Executing LspAttach Autocommands for "*"
autocommand <Lua 224: /nix/store/9z1bymfdzlcj4sd1panwp6vvg9xjvsfw-vim-pack-dir/pack/myNeovimPackages/start/lspsaga.nvim/lua/lspsaga/symbol/head.lua:167>

Executing LspAttach Autocommands for "*"
autocommand <Lua 226: /nix/store/9z1bymfdzlcj4sd1panwp6vvg9xjvsfw-vim-pack-dir/pack/myNeovimPackages/start/lsp_signature.nvim/lua/lsp_signature/init.lua:1239>

Executing LspAttach Autocommands for "*"
autocommand <Lua 466: /nix/store/4j3ikf0rp2lgd9gqf79vinlqfwh465db-init.lua:2035>

Executing LspAttach Autocommands for "*"
autocommand <Lua 467: /nix/store/4j3ikf0rp2lgd9gqf79vinlqfwh465db-init.lua:2051>

Executing LspAttach Autocommands for "*"
autocommand <Lua 743: /nix/store/9z1bymfdzlcj4sd1panwp6vvg9xjvsfw-vim-pack-dir/pack/myNeovimPackages/start/noice.nvim/lua/noice/lsp/signature.lua:54>

Executing LspAttach Autocommands for "*"
autocommand <Lua 455: /nix/store/9z1bymfdzlcj4sd1panwp6vvg9xjvsfw-vim-pack-dir/pack/myNeovimPackages/start/which-key.nvim/lua/which-key/state.lua:126>

Executing LspAttach Autocommands for "*"
autocommand <Lua 119: /nix/store/g2fc5ikh6hnm5mhwbly2agcv01hn9fqk-neovim-unwrapped-0.11.4/share/nvim/runtime/lua/vim/lsp/inlay_hint.lua:268>

Executing LspAttach Autocommands for "*"
autocommand <Lua 222: /nix/store/9z1bymfdzlcj4sd1panwp6vvg9xjvsfw-vim-pack-dir/pack/myNeovimPackages/start/lspsaga.nvim/lua/lspsaga/codeaction/lightbulb.lua:148>

Executing LspAttach Autocommands for "*"
autocommand <Lua 224: /nix/store/9z1bymfdzlcj4sd1panwp6vvg9xjvsfw-vim-pack-dir/pack/myNeovimPackages/start/lspsaga.nvim/lua/lspsaga/symbol/head.lua:167>

Executing LspAttach Autocommands for "*"
autocommand <Lua 226: /nix/store/9z1bymfdzlcj4sd1panwp6vvg9xjvsfw-vim-pack-dir/pack/myNeovimPackages/start/lsp_signature.nvim/lua/lsp_signature/init.lua:1239>

Executing LspAttach Autocommands for "*"
autocommand <Lua 466: /nix/store/4j3ikf0rp2lgd9gqf79vinlqfwh465db-init.lua:2035>

Executing LspAttach Autocommands for "*"
autocommand <Lua 467: /nix/store/4j3ikf0rp2lgd9gqf79vinlqfwh465db-init.lua:2051>

Executing LspAttach Autocommands for "*"
autocommand <Lua 743: /nix/store/9z1bymfdzlcj4sd1panwp6vvg9xjvsfw-vim-pack-dir/pack/myNeovimPackages/start/noice.nvim/lua/noice/lsp/signature.lua:54>

Executing LspAttach Autocommands for "*"
autocommand <Lua 455: /nix/store/9z1bymfdzlcj4sd1panwp6vvg9xjvsfw-vim-pack-dir/pack/myNeovimPackages/start/which-key.nvim/lua/which-key/state.lua:126>

Executing LspAttach Autocommands for "*"
autocommand <Lua 119: /nix/store/g2fc5ikh6hnm5mhwbly2agcv01hn9fqk-neovim-unwrapped-0.11.4/share/nvim/runtime/lua/vim/lsp/inlay_hint.lua:268>

Executing LspAttach Autocommands for "*"
autocommand <Lua 222: /nix/store/9z1bymfdzlcj4sd1panwp6vvg9xjvsfw-vim-pack-dir/pack/myNeovimPackages/start/lspsaga.nvim/lua/lspsaga/codeaction/lightbulb.lua:148>

Executing LspAttach Autocommands for "*"
autocommand <Lua 224: /nix/store/9z1bymfdzlcj4sd1panwp6vvg9xjvsfw-vim-pack-dir/pack/myNeovimPackages/start/lspsaga.nvim/lua/lspsaga/symbol/head.lua:167>

Executing LspAttach Autocommands for "*"
autocommand <Lua 226: /nix/store/9z1bymfdzlcj4sd1panwp6vvg9xjvsfw-vim-pack-dir/pack/myNeovimPackages/start/lsp_signature.nvim/lua/lsp_signature/init.lua:1239>

Executing LspAttach Autocommands for "*"
autocommand <Lua 466: /nix/store/4j3ikf0rp2lgd9gqf79vinlqfwh465db-init.lua:2035>

Executing LspAttach Autocommands for "*"
autocommand <Lua 467: /nix/store/4j3ikf0rp2lgd9gqf79vinlqfwh465db-init.lua:2051>

Executing LspAttach Autocommands for "*"
autocommand <Lua 743: /nix/store/9z1bymfdzlcj4sd1panwp6vvg9xjvsfw-vim-pack-dir/pack/myNeovimPackages/start/noice.nvim/lua/noice/lsp/signature.lua:54>

Executing LspAttach Autocommands for "*"
autocommand <Lua 455: /nix/store/9z1bymfdzlcj4sd1panwp6vvg9xjvsfw-vim-pack-dir/pack/myNeovimPackages/start/which-key.nvim/lua/which-key/state.lua:126>

Executing LspAttach Autocommands for "*"
autocommand <Lua 119: /nix/store/g2fc5ikh6hnm5mhwbly2agcv01hn9fqk-neovim-unwrapped-0.11.4/share/nvim/runtime/lua/vim/lsp/inlay_hint.lua:268>

Executing LspAttach Autocommands for "*"
autocommand <Lua 222: /nix/store/9z1bymfdzlcj4sd1panwp6vvg9xjvsfw-vim-pack-dir/pack/myNeovimPackages/start/lspsaga.nvim/lua/lspsaga/codeaction/lightbulb.lua:148>

Executing LspAttach Autocommands for "*"
autocommand <Lua 224: /nix/store/9z1bymfdzlcj4sd1panwp6vvg9xjvsfw-vim-pack-dir/pack/myNeovimPackages/start/lspsaga.nvim/lua/lspsaga/symbol/head.lua:167>

Executing LspAttach Autocommands for "*"
autocommand <Lua 226: /nix/store/9z1bymfdzlcj4sd1panwp6vvg9xjvsfw-vim-pack-dir/pack/myNeovimPackages/start/lsp_signature.nvim/lua/lsp_signature/init.lua:1239>

Executing LspAttach Autocommands for "*"
autocommand <Lua 466: /nix/store/4j3ikf0rp2lgd9gqf79vinlqfwh465db-init.lua:2035>

Executing LspAttach Autocommands for "*"
autocommand <Lua 467: /nix/store/4j3ikf0rp2lgd9gqf79vinlqfwh465db-init.lua:2051>

Executing LspAttach Autocommands for "*"
autocommand <Lua 743: /nix/store/9z1bymfdzlcj4sd1panwp6vvg9xjvsfw-vim-pack-dir/pack/myNeovimPackages/start/noice.nvim/lua/noice/lsp/signature.lua:54>

Executing LspAttach Autocommands for "*"
autocommand <Lua 455: /nix/store/9z1bymfdzlcj4sd1panwp6vvg9xjvsfw-vim-pack-dir/pack/myNeovimPackages/start/which-key.nvim/lua/which-key/state.lua:126>

Executing LspAttach Autocommands for "*"
autocommand <Lua 119: /nix/store/g2fc5ikh6hnm5mhwbly2agcv01hn9fqk-neovim-unwrapped-0.11.4/share/nvim/runtime/lua/vim/lsp/inlay_hint.lua:268>

Executing LspAttach Autocommands for "*"
autocommand <Lua 222: /nix/store/9z1bymfdzlcj4sd1panwp6vvg9xjvsfw-vim-pack-dir/pack/myNeovimPackages/start/lspsaga.nvim/lua/lspsaga/codeaction/lightbulb.lua:148>

Executing LspAttach Autocommands for "*"
autocommand <Lua 224: /nix/store/9z1bymfdzlcj4sd1panwp6vvg9xjvsfw-vim-pack-dir/pack/myNeovimPackages/start/lspsaga.nvim/lua/lspsaga/symbol/head.lua:167>

Executing LspAttach Autocommands for "*"
autocommand <Lua 226: /nix/store/9z1bymfdzlcj4sd1panwp6vvg9xjvsfw-vim-pack-dir/pack/myNeovimPackages/start/lsp_signature.nvim/lua/lsp_signature/init.lua:1239>

Executing LspAttach Autocommands for "*"
autocommand <Lua 466: /nix/store/4j3ikf0rp2lgd9gqf79vinlqfwh465db-init.lua:2035>

Executing LspAttach Autocommands for "*"
autocommand <Lua 467: /nix/store/4j3ikf0rp2lgd9gqf79vinlqfwh465db-init.lua:2051>

Executing LspAttach Autocommands for "*"
autocommand <Lua 743: /nix/store/9z1bymfdzlcj4sd1panwp6vvg9xjvsfw-vim-pack-dir/pack/myNeovimPackages/start/noice.nvim/lua/noice/lsp/signature.lua:54>

Executing LspAttach Autocommands for "*"
autocommand <Lua 455: /nix/store/9z1bymfdzlcj4sd1panwp6vvg9xjvsfw-vim-pack-dir/pack/myNeovimPackages/start/which-key.nvim/lua/which-key/state.lua:126>

Executing LspNotify Autocommands for "*"
autocommand <Lua 118: /nix/store/g2fc5ikh6hnm5mhwbly2agcv01hn9fqk-neovim-unwrapped-0.11.4/share/nvim/runtime/lua/vim/lsp/inlay_hint.lua:251>

Executing LspNotify Autocommands for "<buffer=1>"
autocommand <Lua 132: /nix/store/9z1bymfdzlcj4sd1panwp6vvg9xjvsfw-vim-pack-dir/pack/myNeovimPackages/start/lspsaga.nvim/lua/lspsaga/symbol/head.lua:36>

Executing LspNotify Autocommands for "*"
autocommand <Lua 118: /nix/store/g2fc5ikh6hnm5mhwbly2agcv01hn9fqk-neovim-unwrapped-0.11.4/share/nvim/runtime/lua/vim/lsp/inlay_hint.lua:251>

Executing LspNotify Autocommands for "<buffer=1>"
autocommand <Lua 132: /nix/store/9z1bymfdzlcj4sd1panwp6vvg9xjvsfw-vim-pack-dir/pack/myNeovimPackages/start/lspsaga.nvim/lua/lspsaga/symbol/head.lua:36>

Executing LspNotify Autocommands for "*"
autocommand <Lua 118: /nix/store/g2fc5ikh6hnm5mhwbly2agcv01hn9fqk-neovim-unwrapped-0.11.4/share/nvim/runtime/lua/vim/lsp/inlay_hint.lua:251>

Executing LspNotify Autocommands for "<buffer=1>"
autocommand <Lua 132: /nix/store/9z1bymfdzlcj4sd1panwp6vvg9xjvsfw-vim-pack-dir/pack/myNeovimPackages/start/lspsaga.nvim/lua/lspsaga/symbol/head.lua:36>

Executing LspNotify Autocommands for "*"
autocommand <Lua 118: /nix/store/g2fc5ikh6hnm5mhwbly2agcv01hn9fqk-neovim-unwrapped-0.11.4/share/nvim/runtime/lua/vim/lsp/inlay_hint.lua:251>

Executing LspNotify Autocommands for "<buffer=1>"
autocommand <Lua 132: /nix/store/9z1bymfdzlcj4sd1panwp6vvg9xjvsfw-vim-pack-dir/pack/myNeovimPackages/start/lspsaga.nvim/lua/lspsaga/symbol/head.lua:36>

Executing LspNotify Autocommands for "*"
autocommand <Lua 118: /nix/store/g2fc5ikh6hnm5mhwbly2agcv01hn9fqk-neovim-unwrapped-0.11.4/share/nvim/runtime/lua/vim/lsp/inlay_hint.lua:251>

Executing LspNotify Autocommands for "<buffer=1>"
autocommand <Lua 132: /nix/store/9z1bymfdzlcj4sd1panwp6vvg9xjvsfw-vim-pack-dir/pack/myNeovimPackages/start/lspsaga.nvim/lua/lspsaga/symbol/head.lua:36>

Executing LspNotify Autocommands for "*"
autocommand <Lua 118: /nix/store/g2fc5ikh6hnm5mhwbly2agcv01hn9fqk-neovim-unwrapped-0.11.4/share/nvim/runtime/lua/vim/lsp/inlay_hint.lua:251>

Executing LspNotify Autocommands for "<buffer=1>"
autocommand <Lua 132: /nix/store/9z1bymfdzlcj4sd1panwp6vvg9xjvsfw-vim-pack-dir/pack/myNeovimPackages/start/lspsaga.nvim/lua/lspsaga/symbol/head.lua:36>

Executing LspNotify Autocommands for "*"
autocommand <Lua 118: /nix/store/g2fc5ikh6hnm5mhwbly2agcv01hn9fqk-neovim-unwrapped-0.11.4/share/nvim/runtime/lua/vim/lsp/inlay_hint.lua:251>

Executing LspNotify Autocommands for "<buffer=1>"
autocommand <Lua 132: /nix/store/9z1bymfdzlcj4sd1panwp6vvg9xjvsfw-vim-pack-dir/pack/myNeovimPackages/start/lspsaga.nvim/lua/lspsaga/symbol/head.lua:36>

Executing OptionSet Autocommands for "*"
autocommand <Lua 154: /nix/store/9z1bymfdzlcj4sd1panwp6vvg9xjvsfw-vim-pack-dir/pack/myNeovimPackages/start/nvim-treesitter-context/lua/treesitter-context.lua:142>

Executing OptionSet Autocommands for "*"
autocommand <Lua 154: /nix/store/9z1bymfdzlcj4sd1panwp6vvg9xjvsfw-vim-pack-dir/pack/myNeovimPackages/start/nvim-treesitter-context/lua/treesitter-context.lua:142>

Executing OptionSet Autocommands for "*"
autocommand <Lua 154: /nix/store/9z1bymfdzlcj4sd1panwp6vvg9xjvsfw-vim-pack-dir/pack/myNeovimPackages/start/nvim-treesitter-context/lua/treesitter-context.lua:142>

Executing LspNotify Autocommands for "*"
autocommand <Lua 118: /nix/store/g2fc5ikh6hnm5mhwbly2agcv01hn9fqk-neovim-unwrapped-0.11.4/share/nvim/runtime/lua/vim/lsp/inlay_hint.lua:251>

Executing LspNotify Autocommands for "<buffer=1>"
autocommand <Lua 132: /nix/store/9z1bymfdzlcj4sd1panwp6vvg9xjvsfw-vim-pack-dir/pack/myNeovimPackages/start/lspsaga.nvim/lua/lspsaga/symbol/head.lua:36>

Executing LspNotify Autocommands for "<buffer=1>"
autocommand <Lua 887: /nix/store/g2fc5ikh6hnm5mhwbly2agcv01hn9fqk-neovim-unwrapped-0.11.4/share/nvim/runtime/lua/vim/lsp/diagnostic.lua:363>

Executing LspNotify Autocommands for "*"
autocommand <Lua 118: /nix/store/g2fc5ikh6hnm5mhwbly2agcv01hn9fqk-neovim-unwrapped-0.11.4/share/nvim/runtime/lua/vim/lsp/inlay_hint.lua:251>

Executing LspNotify Autocommands for "<buffer=1>"
autocommand <Lua 132: /nix/store/9z1bymfdzlcj4sd1panwp6vvg9xjvsfw-vim-pack-dir/pack/myNeovimPackages/start/lspsaga.nvim/lua/lspsaga/symbol/head.lua:36>

Executing LspNotify Autocommands for "<buffer=1>"
autocommand <Lua 887: /nix/store/g2fc5ikh6hnm5mhwbly2agcv01hn9fqk-neovim-unwrapped-0.11.4/share/nvim/runtime/lua/vim/lsp/diagnostic.lua:363>

Executing LspRequest Autocommands for "*"
autocommand <Lua 589: /nix/store/9z1bymfdzlcj4sd1panwp6vvg9xjvsfw-vim-pack-dir/pack/myNeovimPackages/start/nvim-treesitter-context/lua/treesitter-context.lua:233>

Executing LspRequest Autocommands for "*"
autocommand <Lua 589: /nix/store/9z1bymfdzlcj4sd1panwp6vvg9xjvsfw-vim-pack-dir/pack/myNeovimPackages/start/nvim-treesitter-context/lua/treesitter-context.lua:233>

Executing User Autocommands for "SagaSymbolUpdate"
autocommand <Lua 725: /nix/store/9z1bymfdzlcj4sd1panwp6vvg9xjvsfw-vim-pack-dir/pack/myNeovimPackages/start/lspsaga.nvim/lua/lspsaga/symbol/winbar.lua:225>

Executing LspRequest Autocommands for "*"
autocommand <Lua 589: /nix/store/9z1bymfdzlcj4sd1panwp6vvg9xjvsfw-vim-pack-dir/pack/myNeovimPackages/start/nvim-treesitter-context/lua/treesitter-context.lua:233>

Executing LspRequest Autocommands for "*"
autocommand <Lua 589: /nix/store/9z1bymfdzlcj4sd1panwp6vvg9xjvsfw-vim-pack-dir/pack/myNeovimPackages/start/nvim-treesitter-context/lua/treesitter-context.lua:233>

Executing LspRequest Autocommands for "*"
autocommand <Lua 589: /nix/store/9z1bymfdzlcj4sd1panwp6vvg9xjvsfw-vim-pack-dir/pack/myNeovimPackages/start/nvim-treesitter-context/lua/treesitter-context.lua:233>

sourcing "nvim_exec2()"
finished sourcing nvim_exec2()
Executing OptionSet Autocommands for "*"
autocommand <Lua 154: /nix/store/9z1bymfdzlcj4sd1panwp6vvg9xjvsfw-vim-pack-dir/pack/myNeovimPackages/start/nvim-treesitter-context/lua/treesitter-context.lua:142>

Executing OptionSet Autocommands for "*"
autocommand <Lua 154: /nix/store/9z1bymfdzlcj4sd1panwp6vvg9xjvsfw-vim-pack-dir/pack/myNeovimPackages/start/nvim-treesitter-context/lua/treesitter-context.lua:142>

Executing OptionSet Autocommands for "*"
autocommand <Lua 154: /nix/store/9z1bymfdzlcj4sd1panwp6vvg9xjvsfw-vim-pack-dir/pack/myNeovimPackages/start/nvim-treesitter-context/lua/treesitter-context.lua:142>

Executing LspRequest Autocommands for "*"
autocommand <Lua 589: /nix/store/9z1bymfdzlcj4sd1panwp6vvg9xjvsfw-vim-pack-dir/pack/myNeovimPackages/start/nvim-treesitter-context/lua/treesitter-context.lua:233>

Executing LspRequest Autocommands for "*"
autocommand <Lua 589: /nix/store/9z1bymfdzlcj4sd1panwp6vvg9xjvsfw-vim-pack-dir/pack/myNeovimPackages/start/nvim-treesitter-context/lua/treesitter-context.lua:233>

Executing LspRequest Autocommands for "*"
autocommand <Lua 589: /nix/store/9z1bymfdzlcj4sd1panwp6vvg9xjvsfw-vim-pack-dir/pack/myNeovimPackages/start/nvim-treesitter-context/lua/treesitter-context.lua:233>

Executing LspRequest Autocommands for "*"
autocommand <Lua 589: /nix/store/9z1bymfdzlcj4sd1panwp6vvg9xjvsfw-vim-pack-dir/pack/myNeovimPackages/start/nvim-treesitter-context/lua/treesitter-context.lua:233>

Executing WinClosed Autocommands for "*"
autocommand <Lua 196: /nix/store/9z1bymfdzlcj4sd1panwp6vvg9xjvsfw-vim-pack-dir/pack/myNeovimPackages/start/nvim-ufo/lua/ufo/main.lua:30>

Executing WinClosed Autocommands for "*"
autocommand <Lua 290: /nix/store/9z1bymfdzlcj4sd1panwp6vvg9xjvsfw-vim-pack-dir/pack/myNeovimPackages/start/edgy.nvim/lua/edgy/editor.lua:37>

Executing WinClosed Autocommands for "*"
autocommand <Lua 373: /nix/store/9z1bymfdzlcj4sd1panwp6vvg9xjvsfw-vim-pack-dir/pack/myNeovimPackages/start/diffview.nvim/lua/diffview/init.lua:77>

Executing WinClosed Autocommands for "*"
autocommand <Lua 483: /nix/store/9z1bymfdzlcj4sd1panwp6vvg9xjvsfw-vim-pack-dir/pack/myNeovimPackages/start/vimplugin-tabby/lua/tabby/feature/win_name.lua:39>

Executing WinClosed Autocommands for "*"
autocommand <Lua 558: /nix/store/ws44d4qh216jmcrvdm6p75jp2kj7xd4r-vimplugin-neo-tree.nvim-2025-09-02/plugin/neo-tree.lua:91>

Executing WinClosed Autocommands for "*"
autocommand <Lua 150: /nix/store/9z1bymfdzlcj4sd1panwp6vvg9xjvsfw-vim-pack-dir/pack/myNeovimPackages/start/nvim-treesitter-context/lua/treesitter-context.lua:72>

Executing WinClosed Autocommands for "1002"
autocommand <Lua 442: /nix/store/9z1bymfdzlcj4sd1panwp6vvg9xjvsfw-vim-pack-dir/pack/myNeovimPackages/start/snacks.nvim/lua/snacks/win.lua:464>

Executing BufWinLeave Autocommands for "*"
autocommand <Lua 487: /nix/store/9z1bymfdzlcj4sd1panwp6vvg9xjvsfw-vim-pack-dir/pack/myNeovimPackages/start/vimplugin-tabby/lua/tabby/feature/win_name.lua:39>

Executing OptionSet Autocommands for "*"
autocommand <Lua 154: /nix/store/9z1bymfdzlcj4sd1panwp6vvg9xjvsfw-vim-pack-dir/pack/myNeovimPackages/start/nvim-treesitter-context/lua/treesitter-context.lua:142>

Executing FileType Autocommands for "*"
autocommand if !exists('b:ts_highlight') | 0verbose exe "set syntax=" . expand("<amatch>") | endif

Executing LspDetach Autocommands for "*"
autocommand <Lua 120: /nix/store/g2fc5ikh6hnm5mhwbly2agcv01hn9fqk-neovim-unwrapped-0.11.4/share/nvim/runtime/lua/vim/lsp/inlay_hint.lua:289>

Executing LspDetach Autocommands for "*"
autocommand <Lua 223: /nix/store/9z1bymfdzlcj4sd1panwp6vvg9xjvsfw-vim-pack-dir/pack/myNeovimPackages/start/lspsaga.nvim/lua/lspsaga/codeaction/lightbulb.lua:200>

Executing LspDetach Autocommands for "*"
autocommand <Lua 225: /nix/store/9z1bymfdzlcj4sd1panwp6vvg9xjvsfw-vim-pack-dir/pack/myNeovimPackages/start/lspsaga.nvim/lua/lspsaga/symbol/head.lua:194>

Executing LspDetach Autocommands for "*"
autocommand <Lua 456: /nix/store/9z1bymfdzlcj4sd1panwp6vvg9xjvsfw-vim-pack-dir/pack/myNeovimPackages/start/which-key.nvim/lua/which-key/state.lua:126>

Executing DiagnosticChanged Autocommands for "*"
autocommand <Lua 145: vim/_editor.lua:0>

Executing BufUnload Autocommands for "*"
autocommand <Lua 996: /nix/store/9z1bymfdzlcj4sd1panwp6vvg9xjvsfw-vim-pack-dir/pack/myNeovimPackages/start/copilot.lua/lua/copilot/suggestion/init.lua:852>

Executing BufUnload Autocommands for "*"
autocommand <Lua 618: /nix/store/9z1bymfdzlcj4sd1panwp6vvg9xjvsfw-vim-pack-dir/pack/myNeovimPackages/start/vim-illuminate/lua/illuminate/engine.lua:85>

Executing BufWipeout Autocommands for "<buffer=2>"
autocommand <Lua 1062: /nix/store/g2fc5ikh6hnm5mhwbly2agcv01hn9fqk-neovim-unwrapped-0.11.4/share/nvim/runtime/lua/vim/diagnostic.lua:395>

auto-removing autocommand: BufWipeout <buffer=2>
auto-removing autocommand: BufWritePost <buffer=2>
auto-removing autocommand: BufWritePre <buffer=2>
Executing LspNotify Autocommands for "*"
autocommand <Lua 118: /nix/store/g2fc5ikh6hnm5mhwbly2agcv01hn9fqk-neovim-unwrapped-0.11.4/share/nvim/runtime/lua/vim/lsp/inlay_hint.lua:251>

Executing LspNotify Autocommands for "<buffer=1>"
autocommand <Lua 132: /nix/store/9z1bymfdzlcj4sd1panwp6vvg9xjvsfw-vim-pack-dir/pack/myNeovimPackages/start/lspsaga.nvim/lua/lspsaga/symbol/head.lua:36>

Executing LspNotify Autocommands for "<buffer=1>"
autocommand <Lua 887: /nix/store/g2fc5ikh6hnm5mhwbly2agcv01hn9fqk-neovim-unwrapped-0.11.4/share/nvim/runtime/lua/vim/lsp/diagnostic.lua:363>

Executing WinClosed Autocommands for "*"
autocommand <Lua 196: /nix/store/9z1bymfdzlcj4sd1panwp6vvg9xjvsfw-vim-pack-dir/pack/myNeovimPackages/start/nvim-ufo/lua/ufo/main.lua:30>

Executing WinClosed Autocommands for "*"
autocommand <Lua 290: /nix/store/9z1bymfdzlcj4sd1panwp6vvg9xjvsfw-vim-pack-dir/pack/myNeovimPackages/start/edgy.nvim/lua/edgy/editor.lua:37>

Executing WinClosed Autocommands for "*"
autocommand <Lua 373: /nix/store/9z1bymfdzlcj4sd1panwp6vvg9xjvsfw-vim-pack-dir/pack/myNeovimPackages/start/diffview.nvim/lua/diffview/init.lua:77>

Executing WinClosed Autocommands for "*"
autocommand <Lua 483: /nix/store/9z1bymfdzlcj4sd1panwp6vvg9xjvsfw-vim-pack-dir/pack/myNeovimPackages/start/vimplugin-tabby/lua/tabby/feature/win_name.lua:39>

Executing WinClosed Autocommands for "*"
autocommand <Lua 558: /nix/store/ws44d4qh216jmcrvdm6p75jp2kj7xd4r-vimplugin-neo-tree.nvim-2025-09-02/plugin/neo-tree.lua:91>

Executing WinClosed Autocommands for "*"
autocommand <Lua 150: /nix/store/9z1bymfdzlcj4sd1panwp6vvg9xjvsfw-vim-pack-dir/pack/myNeovimPackages/start/nvim-treesitter-context/lua/treesitter-context.lua:72>

Executing WinClosed Autocommands for "1003"
autocommand <Lua 964: /nix/store/9z1bymfdzlcj4sd1panwp6vvg9xjvsfw-vim-pack-dir/pack/myNeovimPackages/start/snacks.nvim/lua/snacks/win.lua:464>

Executing BufWinLeave Autocommands for "*"
autocommand <Lua 487: /nix/store/9z1bymfdzlcj4sd1panwp6vvg9xjvsfw-vim-pack-dir/pack/myNeovimPackages/start/vimplugin-tabby/lua/tabby/feature/win_name.lua:39>

Executing OptionSet Autocommands for "*"
autocommand <Lua 154: /nix/store/9z1bymfdzlcj4sd1panwp6vvg9xjvsfw-vim-pack-dir/pack/myNeovimPackages/start/nvim-treesitter-context/lua/treesitter-context.lua:142>

Executing FileType Autocommands for "*"
autocommand if !exists('b:ts_highlight') | 0verbose exe "set syntax=" . expand("<amatch>") | endif

Executing LspDetach Autocommands for "*"
autocommand <Lua 120: /nix/store/g2fc5ikh6hnm5mhwbly2agcv01hn9fqk-neovim-unwrapped-0.11.4/share/nvim/runtime/lua/vim/lsp/inlay_hint.lua:289>

Executing LspDetach Autocommands for "*"
autocommand <Lua 223: /nix/store/9z1bymfdzlcj4sd1panwp6vvg9xjvsfw-vim-pack-dir/pack/myNeovimPackages/start/lspsaga.nvim/lua/lspsaga/codeaction/lightbulb.lua:200>

Executing LspDetach Autocommands for "*"
autocommand <Lua 225: /nix/store/9z1bymfdzlcj4sd1panwp6vvg9xjvsfw-vim-pack-dir/pack/myNeovimPackages/start/lspsaga.nvim/lua/lspsaga/symbol/head.lua:194>

Executing LspDetach Autocommands for "*"
autocommand <Lua 456: /nix/store/9z1bymfdzlcj4sd1panwp6vvg9xjvsfw-vim-pack-dir/pack/myNeovimPackages/start/which-key.nvim/lua/which-key/state.lua:126>

Executing DiagnosticChanged Autocommands for "*"
autocommand <Lua 145: vim/_editor.lua:0>

Executing BufUnload Autocommands for "*"
autocommand <Lua 996: /nix/store/9z1bymfdzlcj4sd1panwp6vvg9xjvsfw-vim-pack-dir/pack/myNeovimPackages/start/copilot.lua/lua/copilot/suggestion/init.lua:852>

Executing BufUnload Autocommands for "*"
autocommand <Lua 618: /nix/store/9z1bymfdzlcj4sd1panwp6vvg9xjvsfw-vim-pack-dir/pack/myNeovimPackages/start/vim-illuminate/lua/illuminate/engine.lua:85>

Executing BufWipeout Autocommands for "<buffer=3>"
autocommand <Lua 1041: /nix/store/g2fc5ikh6hnm5mhwbly2agcv01hn9fqk-neovim-unwrapped-0.11.4/share/nvim/runtime/lua/vim/diagnostic.lua:395>

auto-removing autocommand: BufWipeout <buffer=3>
auto-removing autocommand: BufWritePost <buffer=3>
auto-removing autocommand: BufWritePre <buffer=3>
Executing LspNotify Autocommands for "*"
autocommand <Lua 118: /nix/store/g2fc5ikh6hnm5mhwbly2agcv01hn9fqk-neovim-unwrapped-0.11.4/share/nvim/runtime/lua/vim/lsp/inlay_hint.lua:251>

Executing LspNotify Autocommands for "<buffer=1>"
autocommand <Lua 132: /nix/store/9z1bymfdzlcj4sd1panwp6vvg9xjvsfw-vim-pack-dir/pack/myNeovimPackages/start/lspsaga.nvim/lua/lspsaga/symbol/head.lua:36>

Executing LspNotify Autocommands for "<buffer=1>"
autocommand <Lua 887: /nix/store/g2fc5ikh6hnm5mhwbly2agcv01hn9fqk-neovim-unwrapped-0.11.4/share/nvim/runtime/lua/vim/lsp/diagnostic.lua:363>

Executing WinClosed Autocommands for "*"
autocommand <Lua 196: /nix/store/9z1bymfdzlcj4sd1panwp6vvg9xjvsfw-vim-pack-dir/pack/myNeovimPackages/start/nvim-ufo/lua/ufo/main.lua:30>

Executing WinClosed Autocommands for "*"
autocommand <Lua 290: /nix/store/9z1bymfdzlcj4sd1panwp6vvg9xjvsfw-vim-pack-dir/pack/myNeovimPackages/start/edgy.nvim/lua/edgy/editor.lua:37>

Executing WinClosed Autocommands for "*"
autocommand <Lua 373: /nix/store/9z1bymfdzlcj4sd1panwp6vvg9xjvsfw-vim-pack-dir/pack/myNeovimPackages/start/diffview.nvim/lua/diffview/init.lua:77>

Executing WinClosed Autocommands for "*"
autocommand <Lua 483: /nix/store/9z1bymfdzlcj4sd1panwp6vvg9xjvsfw-vim-pack-dir/pack/myNeovimPackages/start/vimplugin-tabby/lua/tabby/feature/win_name.lua:39>

Executing WinClosed Autocommands for "*"
autocommand <Lua 558: /nix/store/ws44d4qh216jmcrvdm6p75jp2kj7xd4r-vimplugin-neo-tree.nvim-2025-09-02/plugin/neo-tree.lua:91>

Executing WinClosed Autocommands for "*"
autocommand <Lua 150: /nix/store/9z1bymfdzlcj4sd1panwp6vvg9xjvsfw-vim-pack-dir/pack/myNeovimPackages/start/nvim-treesitter-context/lua/treesitter-context.lua:72>

Executing WinClosed Autocommands for "1004"
autocommand <Lua 927: /nix/store/9z1bymfdzlcj4sd1panwp6vvg9xjvsfw-vim-pack-dir/pack/myNeovimPackages/start/snacks.nvim/lua/snacks/win.lua:464>

Executing BufWinLeave Autocommands for "*"
autocommand <Lua 487: /nix/store/9z1bymfdzlcj4sd1panwp6vvg9xjvsfw-vim-pack-dir/pack/myNeovimPackages/start/vimplugin-tabby/lua/tabby/feature/win_name.lua:39>

Executing OptionSet Autocommands for "*"
autocommand <Lua 154: /nix/store/9z1bymfdzlcj4sd1panwp6vvg9xjvsfw-vim-pack-dir/pack/myNeovimPackages/start/nvim-treesitter-context/lua/treesitter-context.lua:142>

Executing FileType Autocommands for "*"
autocommand if !exists('b:ts_highlight') | 0verbose exe "set syntax=" . expand("<amatch>") | endif

Executing LspDetach Autocommands for "*"
autocommand <Lua 120: /nix/store/g2fc5ikh6hnm5mhwbly2agcv01hn9fqk-neovim-unwrapped-0.11.4/share/nvim/runtime/lua/vim/lsp/inlay_hint.lua:289>

Executing LspDetach Autocommands for "*"
autocommand <Lua 223: /nix/store/9z1bymfdzlcj4sd1panwp6vvg9xjvsfw-vim-pack-dir/pack/myNeovimPackages/start/lspsaga.nvim/lua/lspsaga/codeaction/lightbulb.lua:200>

Executing LspDetach Autocommands for "*"
autocommand <Lua 225: /nix/store/9z1bymfdzlcj4sd1panwp6vvg9xjvsfw-vim-pack-dir/pack/myNeovimPackages/start/lspsaga.nvim/lua/lspsaga/symbol/head.lua:194>

Executing LspDetach Autocommands for "*"
autocommand <Lua 456: /nix/store/9z1bymfdzlcj4sd1panwp6vvg9xjvsfw-vim-pack-dir/pack/myNeovimPackages/start/which-key.nvim/lua/which-key/state.lua:126>

Executing DiagnosticChanged Autocommands for "*"
autocommand <Lua 145: vim/_editor.lua:0>

Executing BufUnload Autocommands for "*"
autocommand <Lua 996: /nix/store/9z1bymfdzlcj4sd1panwp6vvg9xjvsfw-vim-pack-dir/pack/myNeovimPackages/start/copilot.lua/lua/copilot/suggestion/init.lua:852>

Executing BufUnload Autocommands for "*"
autocommand <Lua 618: /nix/store/9z1bymfdzlcj4sd1panwp6vvg9xjvsfw-vim-pack-dir/pack/myNeovimPackages/start/vim-illuminate/lua/illuminate/engine.lua:85>

Executing BufWipeout Autocommands for "<buffer=4>"
autocommand <Lua 183: /nix/store/g2fc5ikh6hnm5mhwbly2agcv01hn9fqk-neovim-unwrapped-0.11.4/share/nvim/runtime/lua/vim/diagnostic.lua:395>

auto-removing autocommand: BufWipeout <buffer=4>
auto-removing autocommand: BufWritePost <buffer=4>
auto-removing autocommand: BufWritePre <buffer=4>
Executing LspNotify Autocommands for "*"
autocommand <Lua 118: /nix/store/g2fc5ikh6hnm5mhwbly2agcv01hn9fqk-neovim-unwrapped-0.11.4/share/nvim/runtime/lua/vim/lsp/inlay_hint.lua:251>

Executing LspNotify Autocommands for "<buffer=1>"
autocommand <Lua 132: /nix/store/9z1bymfdzlcj4sd1panwp6vvg9xjvsfw-vim-pack-dir/pack/myNeovimPackages/start/lspsaga.nvim/lua/lspsaga/symbol/head.lua:36>

Executing LspNotify Autocommands for "<buffer=1>"
autocommand <Lua 887: /nix/store/g2fc5ikh6hnm5mhwbly2agcv01hn9fqk-neovim-unwrapped-0.11.4/share/nvim/runtime/lua/vim/lsp/diagnostic.lua:363>

Executing WinClosed Autocommands for "*"
autocommand <Lua 196: /nix/store/9z1bymfdzlcj4sd1panwp6vvg9xjvsfw-vim-pack-dir/pack/myNeovimPackages/start/nvim-ufo/lua/ufo/main.lua:30>

Executing WinClosed Autocommands for "*"
autocommand <Lua 290: /nix/store/9z1bymfdzlcj4sd1panwp6vvg9xjvsfw-vim-pack-dir/pack/myNeovimPackages/start/edgy.nvim/lua/edgy/editor.lua:37>

Executing WinClosed Autocommands for "*"
autocommand <Lua 373: /nix/store/9z1bymfdzlcj4sd1panwp6vvg9xjvsfw-vim-pack-dir/pack/myNeovimPackages/start/diffview.nvim/lua/diffview/init.lua:77>

Executing WinClosed Autocommands for "*"
autocommand <Lua 483: /nix/store/9z1bymfdzlcj4sd1panwp6vvg9xjvsfw-vim-pack-dir/pack/myNeovimPackages/start/vimplugin-tabby/lua/tabby/feature/win_name.lua:39>

Executing WinClosed Autocommands for "*"
autocommand <Lua 558: /nix/store/ws44d4qh216jmcrvdm6p75jp2kj7xd4r-vimplugin-neo-tree.nvim-2025-09-02/plugin/neo-tree.lua:91>

Executing WinClosed Autocommands for "*"
autocommand <Lua 150: /nix/store/9z1bymfdzlcj4sd1panwp6vvg9xjvsfw-vim-pack-dir/pack/myNeovimPackages/start/nvim-treesitter-context/lua/treesitter-context.lua:72>

Executing WinClosed Autocommands for "1005"
autocommand <Lua 1028: /nix/store/9z1bymfdzlcj4sd1panwp6vvg9xjvsfw-vim-pack-dir/pack/myNeovimPackages/start/snacks.nvim/lua/snacks/win.lua:464>

Executing BufWinLeave Autocommands for "*"
autocommand <Lua 487: /nix/store/9z1bymfdzlcj4sd1panwp6vvg9xjvsfw-vim-pack-dir/pack/myNeovimPackages/start/vimplugin-tabby/lua/tabby/feature/win_name.lua:39>

Executing OptionSet Autocommands for "*"
autocommand <Lua 154: /nix/store/9z1bymfdzlcj4sd1panwp6vvg9xjvsfw-vim-pack-dir/pack/myNeovimPackages/start/nvim-treesitter-context/lua/treesitter-context.lua:142>

Executing FileType Autocommands for "*"
autocommand if !exists('b:ts_highlight') | 0verbose exe "set syntax=" . expand("<amatch>") | endif

Executing LspDetach Autocommands for "*"
autocommand <Lua 120: /nix/store/g2fc5ikh6hnm5mhwbly2agcv01hn9fqk-neovim-unwrapped-0.11.4/share/nvim/runtime/lua/vim/lsp/inlay_hint.lua:289>

Executing LspDetach Autocommands for "*"
autocommand <Lua 223: /nix/store/9z1bymfdzlcj4sd1panwp6vvg9xjvsfw-vim-pack-dir/pack/myNeovimPackages/start/lspsaga.nvim/lua/lspsaga/codeaction/lightbulb.lua:200>

Executing LspDetach Autocommands for "*"
autocommand <Lua 225: /nix/store/9z1bymfdzlcj4sd1panwp6vvg9xjvsfw-vim-pack-dir/pack/myNeovimPackages/start/lspsaga.nvim/lua/lspsaga/symbol/head.lua:194>

Executing LspDetach Autocommands for "*"
autocommand <Lua 456: /nix/store/9z1bymfdzlcj4sd1panwp6vvg9xjvsfw-vim-pack-dir/pack/myNeovimPackages/start/which-key.nvim/lua/which-key/state.lua:126>

Executing DiagnosticChanged Autocommands for "*"
autocommand <Lua 145: vim/_editor.lua:0>

Executing BufUnload Autocommands for "*"
autocommand <Lua 996: /nix/store/9z1bymfdzlcj4sd1panwp6vvg9xjvsfw-vim-pack-dir/pack/myNeovimPackages/start/copilot.lua/lua/copilot/suggestion/init.lua:852>

Executing BufUnload Autocommands for "*"
autocommand <Lua 618: /nix/store/9z1bymfdzlcj4sd1panwp6vvg9xjvsfw-vim-pack-dir/pack/myNeovimPackages/start/vim-illuminate/lua/illuminate/engine.lua:85>

Executing BufWipeout Autocommands for "<buffer=5>"
autocommand <Lua 931: /nix/store/g2fc5ikh6hnm5mhwbly2agcv01hn9fqk-neovim-unwrapped-0.11.4/share/nvim/runtime/lua/vim/diagnostic.lua:395>

auto-removing autocommand: BufWipeout <buffer=5>
auto-removing autocommand: BufWritePost <buffer=5>
auto-removing autocommand: BufWritePre <buffer=5>
Executing LspNotify Autocommands for "*"
autocommand <Lua 118: /nix/store/g2fc5ikh6hnm5mhwbly2agcv01hn9fqk-neovim-unwrapped-0.11.4/share/nvim/runtime/lua/vim/lsp/inlay_hint.lua:251>

Executing LspNotify Autocommands for "<buffer=1>"
autocommand <Lua 132: /nix/store/9z1bymfdzlcj4sd1panwp6vvg9xjvsfw-vim-pack-dir/pack/myNeovimPackages/start/lspsaga.nvim/lua/lspsaga/symbol/head.lua:36>

Executing LspNotify Autocommands for "<buffer=1>"
autocommand <Lua 887: /nix/store/g2fc5ikh6hnm5mhwbly2agcv01hn9fqk-neovim-unwrapped-0.11.4/share/nvim/runtime/lua/vim/lsp/diagnostic.lua:363>

Executing WinClosed Autocommands for "*"
autocommand <Lua 196: /nix/store/9z1bymfdzlcj4sd1panwp6vvg9xjvsfw-vim-pack-dir/pack/myNeovimPackages/start/nvim-ufo/lua/ufo/main.lua:30>

Executing WinClosed Autocommands for "*"
autocommand <Lua 290: /nix/store/9z1bymfdzlcj4sd1panwp6vvg9xjvsfw-vim-pack-dir/pack/myNeovimPackages/start/edgy.nvim/lua/edgy/editor.lua:37>

Executing WinClosed Autocommands for "*"
autocommand <Lua 373: /nix/store/9z1bymfdzlcj4sd1panwp6vvg9xjvsfw-vim-pack-dir/pack/myNeovimPackages/start/diffview.nvim/lua/diffview/init.lua:77>

Executing WinClosed Autocommands for "*"
autocommand <Lua 483: /nix/store/9z1bymfdzlcj4sd1panwp6vvg9xjvsfw-vim-pack-dir/pack/myNeovimPackages/start/vimplugin-tabby/lua/tabby/feature/win_name.lua:39>

Executing WinClosed Autocommands for "*"
autocommand <Lua 558: /nix/store/ws44d4qh216jmcrvdm6p75jp2kj7xd4r-vimplugin-neo-tree.nvim-2025-09-02/plugin/neo-tree.lua:91>

Executing WinClosed Autocommands for "*"
autocommand <Lua 150: /nix/store/9z1bymfdzlcj4sd1panwp6vvg9xjvsfw-vim-pack-dir/pack/myNeovimPackages/start/nvim-treesitter-context/lua/treesitter-context.lua:72>

Executing WinClosed Autocommands for "1006"
autocommand <Lua 957: /nix/store/9z1bymfdzlcj4sd1panwp6vvg9xjvsfw-vim-pack-dir/pack/myNeovimPackages/start/snacks.nvim/lua/snacks/win.lua:464>

Executing BufWinLeave Autocommands for "*"
autocommand <Lua 487: /nix/store/9z1bymfdzlcj4sd1panwp6vvg9xjvsfw-vim-pack-dir/pack/myNeovimPackages/start/vimplugin-tabby/lua/tabby/feature/win_name.lua:39>

Executing OptionSet Autocommands for "*"
autocommand <Lua 154: /nix/store/9z1bymfdzlcj4sd1panwp6vvg9xjvsfw-vim-pack-dir/pack/myNeovimPackages/start/nvim-treesitter-context/lua/treesitter-context.lua:142>

Executing FileType Autocommands for "*"
autocommand if !exists('b:ts_highlight') | 0verbose exe "set syntax=" . expand("<amatch>") | endif

Executing LspDetach Autocommands for "*"
autocommand <Lua 120: /nix/store/g2fc5ikh6hnm5mhwbly2agcv01hn9fqk-neovim-unwrapped-0.11.4/share/nvim/runtime/lua/vim/lsp/inlay_hint.lua:289>

Executing LspDetach Autocommands for "*"
autocommand <Lua 223: /nix/store/9z1bymfdzlcj4sd1panwp6vvg9xjvsfw-vim-pack-dir/pack/myNeovimPackages/start/lspsaga.nvim/lua/lspsaga/codeaction/lightbulb.lua:200>

Executing LspDetach Autocommands for "*"
autocommand <Lua 225: /nix/store/9z1bymfdzlcj4sd1panwp6vvg9xjvsfw-vim-pack-dir/pack/myNeovimPackages/start/lspsaga.nvim/lua/lspsaga/symbol/head.lua:194>

Executing LspDetach Autocommands for "*"
autocommand <Lua 456: /nix/store/9z1bymfdzlcj4sd1panwp6vvg9xjvsfw-vim-pack-dir/pack/myNeovimPackages/start/which-key.nvim/lua/which-key/state.lua:126>

Executing DiagnosticChanged Autocommands for "*"
autocommand <Lua 145: vim/_editor.lua:0>

Executing BufUnload Autocommands for "*"
autocommand <Lua 996: /nix/store/9z1bymfdzlcj4sd1panwp6vvg9xjvsfw-vim-pack-dir/pack/myNeovimPackages/start/copilot.lua/lua/copilot/suggestion/init.lua:852>

Executing BufUnload Autocommands for "*"
autocommand <Lua 618: /nix/store/9z1bymfdzlcj4sd1panwp6vvg9xjvsfw-vim-pack-dir/pack/myNeovimPackages/start/vim-illuminate/lua/illuminate/engine.lua:85>

Executing BufWipeout Autocommands for "<buffer=6>"
autocommand <Lua 900: /nix/store/g2fc5ikh6hnm5mhwbly2agcv01hn9fqk-neovim-unwrapped-0.11.4/share/nvim/runtime/lua/vim/diagnostic.lua:395>

auto-removing autocommand: BufWipeout <buffer=6>
auto-removing autocommand: BufWritePost <buffer=6>
auto-removing autocommand: BufWritePre <buffer=6>
Executing LspNotify Autocommands for "*"
autocommand <Lua 118: /nix/store/g2fc5ikh6hnm5mhwbly2agcv01hn9fqk-neovim-unwrapped-0.11.4/share/nvim/runtime/lua/vim/lsp/inlay_hint.lua:251>

Executing LspNotify Autocommands for "<buffer=1>"
autocommand <Lua 132: /nix/store/9z1bymfdzlcj4sd1panwp6vvg9xjvsfw-vim-pack-dir/pack/myNeovimPackages/start/lspsaga.nvim/lua/lspsaga/symbol/head.lua:36>

Executing LspNotify Autocommands for "<buffer=1>"
autocommand <Lua 887: /nix/store/g2fc5ikh6hnm5mhwbly2agcv01hn9fqk-neovim-unwrapped-0.11.4/share/nvim/runtime/lua/vim/lsp/diagnostic.lua:363>

Executing FocusLost Autocommands for "*"
autocommand <Lua 660: /nix/store/9z1bymfdzlcj4sd1panwp6vvg9xjvsfw-vim-pack-dir/pack/myNeovimPackages/start/gitsigns.nvim/lua/gitsigns/current_line_blame.lua:262>

Executing FocusLost Autocommands for "*"
autocommand <Lua 452: /nix/store/9z1bymfdzlcj4sd1panwp6vvg9xjvsfw-vim-pack-dir/pack/myNeovimPackages/start/which-key.nvim/lua/which-key/state.lua:68>

Executing LspRequest Autocommands for "*"
autocommand <Lua 589: /nix/store/9z1bymfdzlcj4sd1panwp6vvg9xjvsfw-vim-pack-dir/pack/myNeovimPackages/start/nvim-treesitter-context/lua/treesitter-context.lua:233>

Executing LspRequest Autocommands for "*"
autocommand <Lua 589: /nix/store/9z1bymfdzlcj4sd1panwp6vvg9xjvsfw-vim-pack-dir/pack/myNeovimPackages/start/nvim-treesitter-context/lua/treesitter-context.lua:233>

Executing LspRequest Autocommands for "*"
autocommand <Lua 589: /nix/store/9z1bymfdzlcj4sd1panwp6vvg9xjvsfw-vim-pack-dir/pack/myNeovimPackages/start/nvim-treesitter-context/lua/treesitter-context.lua:233>

Executing LspRequest Autocommands for "*"
autocommand <Lua 589: /nix/store/9z1bymfdzlcj4sd1panwp6vvg9xjvsfw-vim-pack-dir/pack/myNeovimPackages/start/nvim-treesitter-context/lua/treesitter-context.lua:233>

Executing BufNew Autocommands for "*"
autocommand <Lua 458: /nix/store/9z1bymfdzlcj4sd1panwp6vvg9xjvsfw-vim-pack-dir/pack/myNeovimPackages/start/which-key.nvim/lua/which-key/state.lua:135>

Executing OptionSet Autocommands for "*"
autocommand <Lua 154: /nix/store/9z1bymfdzlcj4sd1panwp6vvg9xjvsfw-vim-pack-dir/pack/myNeovimPackages/start/nvim-treesitter-context/lua/treesitter-context.lua:142>

Executing OptionSet Autocommands for "*"
autocommand <Lua 154: /nix/store/9z1bymfdzlcj4sd1panwp6vvg9xjvsfw-vim-pack-dir/pack/myNeovimPackages/start/nvim-treesitter-context/lua/treesitter-context.lua:142>

Executing OptionSet Autocommands for "*"
autocommand <Lua 154: /nix/store/9z1bymfdzlcj4sd1panwp6vvg9xjvsfw-vim-pack-dir/pack/myNeovimPackages/start/nvim-treesitter-context/lua/treesitter-context.lua:142>

Executing OptionSet Autocommands for "*"
autocommand <Lua 154: /nix/store/9z1bymfdzlcj4sd1panwp6vvg9xjvsfw-vim-pack-dir/pack/myNeovimPackages/start/nvim-treesitter-context/lua/treesitter-context.lua:142>

Executing OptionSet Autocommands for "*"
autocommand <Lua 154: /nix/store/9z1bymfdzlcj4sd1panwp6vvg9xjvsfw-vim-pack-dir/pack/myNeovimPackages/start/nvim-treesitter-context/lua/treesitter-context.lua:142>

Executing OptionSet Autocommands for "*"
autocommand <Lua 154: /nix/store/9z1bymfdzlcj4sd1panwp6vvg9xjvsfw-vim-pack-dir/pack/myNeovimPackages/start/nvim-treesitter-context/lua/treesitter-context.lua:142>

Executing FileType Autocommands for "*"
autocommand call s:LoadFTPlugin()

not found in runtime path: "ftplugin/snacks_notif[.]{vim,lua} ftplugin/snacks_notif_*.{vim,lua} ftplugin/snacks_notif/*.{vim,lua}"
Executing FileType Autocommands for "*"
autocommand call s:LoadIndent()

not found in runtime path: "indent/snacks_notif[.]{vim,lua}"
Executing FileType Autocommands for "*"
autocommand <Lua 158: /nix/store/9z1bymfdzlcj4sd1panwp6vvg9xjvsfw-vim-pack-dir/pack/myNeovimPackages/start/nvim-treesitter/lua/nvim-treesitter/install.lua:558>

Executing FileType Autocommands for "*"
autocommand <Lua 238: /nix/store/9z1bymfdzlcj4sd1panwp6vvg9xjvsfw-vim-pack-dir/pack/myNeovimPackages/start/indent-blankline.nvim/lua/ibl/autocmds.lua:26>

Executing FileType Autocommands for "*"
autocommand <Lua 295: /nix/store/9z1bymfdzlcj4sd1panwp6vvg9xjvsfw-vim-pack-dir/pack/myNeovimPackages/start/edgy.nvim/lua/edgy/config.lua:164>

Executing FileType Autocommands for "*"
autocommand <Lua 977: /nix/store/9z1bymfdzlcj4sd1panwp6vvg9xjvsfw-vim-pack-dir/pack/myNeovimPackages/start/copilot.lua/lua/copilot/client/init.lua:216>

Executing FileType Autocommands for "*"
autocommand if !exists('b:ts_highlight') | 0verbose exe "set syntax=" . expand("<amatch>") | endif

Executing FileType Autocommands for "*"
autocommand <Lua 585: /nix/store/9z1bymfdzlcj4sd1panwp6vvg9xjvsfw-vim-pack-dir/pack/myNeovimPackages/start/nvim-treesitter/lua/nvim-treesitter/configs.lua:132>

Executing FileType Autocommands for "*"
autocommand <Lua 586: /nix/store/9z1bymfdzlcj4sd1panwp6vvg9xjvsfw-vim-pack-dir/pack/myNeovimPackages/start/nvim-treesitter/lua/nvim-treesitter/configs.lua:132>

Executing FileType Autocommands for "*"
autocommand <Lua 587: /nix/store/9z1bymfdzlcj4sd1panwp6vvg9xjvsfw-vim-pack-dir/pack/myNeovimPackages/start/nvim-treesitter/lua/nvim-treesitter/configs.lua:132>

Executing FileType Autocommands for "*"
autocommand <Lua 592: /nix/store/9z1bymfdzlcj4sd1panwp6vvg9xjvsfw-vim-pack-dir/pack/myNeovimPackages/start/nvim-treesitter/lua/nvim-treesitter/configs.lua:132>

Executing FileType Autocommands for "*"
autocommand <Lua 593: /nix/store/9z1bymfdzlcj4sd1panwp6vvg9xjvsfw-vim-pack-dir/pack/myNeovimPackages/start/nvim-treesitter/lua/nvim-treesitter/configs.lua:132>

Executing FileType Autocommands for "*"
autocommand <Lua 594: /nix/store/9z1bymfdzlcj4sd1panwp6vvg9xjvsfw-vim-pack-dir/pack/myNeovimPackages/start/nvim-treesitter/lua/nvim-treesitter/configs.lua:132>

Executing FileType Autocommands for "*"
autocommand <Lua 617: /nix/store/9z1bymfdzlcj4sd1panwp6vvg9xjvsfw-vim-pack-dir/pack/myNeovimPackages/start/vim-illuminate/lua/illuminate/engine.lua:58>

Executing FileType Autocommands for "*"
autocommand <Lua 632: /nix/store/g2fc5ikh6hnm5mhwbly2agcv01hn9fqk-neovim-unwrapped-0.11.4/share/nvim/runtime/lua/vim/lsp.lua:613>

Executing FileType Autocommands for "*"
autocommand call v:lua.require'lualine'.refresh({'kind': 'window', 'place': ['statusline'], 'trigger': 'autocmd'})

Executing OptionSet Autocommands for "filetype"
autocommand <Lua 200: /nix/store/9z1bymfdzlcj4sd1panwp6vvg9xjvsfw-vim-pack-dir/pack/myNeovimPackages/start/nvim-ufo/lua/ufo/main.lua:51>

Executing OptionSet Autocommands for "*"
autocommand <Lua 154: /nix/store/9z1bymfdzlcj4sd1panwp6vvg9xjvsfw-vim-pack-dir/pack/myNeovimPackages/start/nvim-treesitter-context/lua/treesitter-context.lua:142>

Executing OptionSet Autocommands for "*"
autocommand <Lua 154: /nix/store/9z1bymfdzlcj4sd1panwp6vvg9xjvsfw-vim-pack-dir/pack/myNeovimPackages/start/nvim-treesitter-context/lua/treesitter-context.lua:142>

Executing OptionSet Autocommands for "*"
autocommand <Lua 154: /nix/store/9z1bymfdzlcj4sd1panwp6vvg9xjvsfw-vim-pack-dir/pack/myNeovimPackages/start/nvim-treesitter-context/lua/treesitter-context.lua:142>

Executing OptionSet Autocommands for "*"
autocommand <Lua 154: /nix/store/9z1bymfdzlcj4sd1panwp6vvg9xjvsfw-vim-pack-dir/pack/myNeovimPackages/start/nvim-treesitter-context/lua/treesitter-context.lua:142>

Executing OptionSet Autocommands for "*"
autocommand <Lua 154: /nix/store/9z1bymfdzlcj4sd1panwp6vvg9xjvsfw-vim-pack-dir/pack/myNeovimPackages/start/nvim-treesitter-context/lua/treesitter-context.lua:142>

Executing OptionSet Autocommands for "listchars"
autocommand <Lua 242: /nix/store/9z1bymfdzlcj4sd1panwp6vvg9xjvsfw-vim-pack-dir/pack/myNeovimPackages/start/indent-blankline.nvim/lua/ibl/autocmds.lua:33>

Executing OptionSet Autocommands for "*"
autocommand <Lua 154: /nix/store/9z1bymfdzlcj4sd1panwp6vvg9xjvsfw-vim-pack-dir/pack/myNeovimPackages/start/nvim-treesitter-context/lua/treesitter-context.lua:142>

Executing OptionSet Autocommands for "*"
autocommand <Lua 154: /nix/store/9z1bymfdzlcj4sd1panwp6vvg9xjvsfw-vim-pack-dir/pack/myNeovimPackages/start/nvim-treesitter-context/lua/treesitter-context.lua:142>

Executing OptionSet Autocommands for "*"
autocommand <Lua 154: /nix/store/9z1bymfdzlcj4sd1panwp6vvg9xjvsfw-vim-pack-dir/pack/myNeovimPackages/start/nvim-treesitter-context/lua/treesitter-context.lua:142>

Executing OptionSet Autocommands for "*"
autocommand <Lua 154: /nix/store/9z1bymfdzlcj4sd1panwp6vvg9xjvsfw-vim-pack-dir/pack/myNeovimPackages/start/nvim-treesitter-context/lua/treesitter-context.lua:142>

Executing OptionSet Autocommands for "*"
autocommand <Lua 154: /nix/store/9z1bymfdzlcj4sd1panwp6vvg9xjvsfw-vim-pack-dir/pack/myNeovimPackages/start/nvim-treesitter-context/lua/treesitter-context.lua:142>

Executing OptionSet Autocommands for "*"
autocommand <Lua 154: /nix/store/9z1bymfdzlcj4sd1panwp6vvg9xjvsfw-vim-pack-dir/pack/myNeovimPackages/start/nvim-treesitter-context/lua/treesitter-context.lua:142>

Executing OptionSet Autocommands for "*"
autocommand <Lua 154: /nix/store/9z1bymfdzlcj4sd1panwp6vvg9xjvsfw-vim-pack-dir/pack/myNeovimPackages/start/nvim-treesitter-context/lua/treesitter-context.lua:142>

Executing OptionSet Autocommands for "*"
autocommand <Lua 154: /nix/store/9z1bymfdzlcj4sd1panwp6vvg9xjvsfw-vim-pack-dir/pack/myNeovimPackages/start/nvim-treesitter-context/lua/treesitter-context.lua:142>

Executing OptionSet Autocommands for "*"
autocommand <Lua 154: /nix/store/9z1bymfdzlcj4sd1panwp6vvg9xjvsfw-vim-pack-dir/pack/myNeovimPackages/start/nvim-treesitter-context/lua/treesitter-context.lua:142>

Executing OptionSet Autocommands for "*"
autocommand <Lua 154: /nix/store/9z1bymfdzlcj4sd1panwp6vvg9xjvsfw-vim-pack-dir/pack/myNeovimPackages/start/nvim-treesitter-context/lua/treesitter-context.lua:142>

Executing OptionSet Autocommands for "*"
autocommand <Lua 154: /nix/store/9z1bymfdzlcj4sd1panwp6vvg9xjvsfw-vim-pack-dir/pack/myNeovimPackages/start/nvim-treesitter-context/lua/treesitter-context.lua:142>

Executing OptionSet Autocommands for "*"
autocommand <Lua 154: /nix/store/9z1bymfdzlcj4sd1panwp6vvg9xjvsfw-vim-pack-dir/pack/myNeovimPackages/start/nvim-treesitter-context/lua/treesitter-context.lua:142>

Executing OptionSet Autocommands for "*"
autocommand <Lua 154: /nix/store/9z1bymfdzlcj4sd1panwp6vvg9xjvsfw-vim-pack-dir/pack/myNeovimPackages/start/nvim-treesitter-context/lua/treesitter-context.lua:142>

Executing OptionSet Autocommands for "list"
autocommand <Lua 241: /nix/store/9z1bymfdzlcj4sd1panwp6vvg9xjvsfw-vim-pack-dir/pack/myNeovimPackages/start/indent-blankline.nvim/lua/ibl/autocmds.lua:33>

Executing OptionSet Autocommands for "*"
autocommand <Lua 154: /nix/store/9z1bymfdzlcj4sd1panwp6vvg9xjvsfw-vim-pack-dir/pack/myNeovimPackages/start/nvim-treesitter-context/lua/treesitter-context.lua:142>

Executing Syntax Autocommands for "*"
autocommand call s:SynSet()

Executing OptionSet Autocommands for "syntax"
autocommand <Lua 201: /nix/store/9z1bymfdzlcj4sd1panwp6vvg9xjvsfw-vim-pack-dir/pack/myNeovimPackages/start/nvim-ufo/lua/ufo/main.lua:51>

Executing OptionSet Autocommands for "*"
autocommand <Lua 154: /nix/store/9z1bymfdzlcj4sd1panwp6vvg9xjvsfw-vim-pack-dir/pack/myNeovimPackages/start/nvim-treesitter-context/lua/treesitter-context.lua:142>

Executing OptionSet Autocommands for "*"
autocommand <Lua 154: /nix/store/9z1bymfdzlcj4sd1panwp6vvg9xjvsfw-vim-pack-dir/pack/myNeovimPackages/start/nvim-treesitter-context/lua/treesitter-context.lua:142>

Executing OptionSet Autocommands for "*"
autocommand <Lua 154: /nix/store/9z1bymfdzlcj4sd1panwp6vvg9xjvsfw-vim-pack-dir/pack/myNeovimPackages/start/nvim-treesitter-context/lua/treesitter-context.lua:142>

Executing LspAttach Autocommands for "*"
autocommand <Lua 119: /nix/store/g2fc5ikh6hnm5mhwbly2agcv01hn9fqk-neovim-unwrapped-0.11.4/share/nvim/runtime/lua/vim/lsp/inlay_hint.lua:268>

Executing LspAttach Autocommands for "*"
autocommand <Lua 222: /nix/store/9z1bymfdzlcj4sd1panwp6vvg9xjvsfw-vim-pack-dir/pack/myNeovimPackages/start/lspsaga.nvim/lua/lspsaga/codeaction/lightbulb.lua:148>

Executing LspAttach Autocommands for "*"
autocommand <Lua 224: /nix/store/9z1bymfdzlcj4sd1panwp6vvg9xjvsfw-vim-pack-dir/pack/myNeovimPackages/start/lspsaga.nvim/lua/lspsaga/symbol/head.lua:167>

Executing LspAttach Autocommands for "*"
autocommand <Lua 226: /nix/store/9z1bymfdzlcj4sd1panwp6vvg9xjvsfw-vim-pack-dir/pack/myNeovimPackages/start/lsp_signature.nvim/lua/lsp_signature/init.lua:1239>

Executing LspAttach Autocommands for "*"
autocommand <Lua 466: /nix/store/4j3ikf0rp2lgd9gqf79vinlqfwh465db-init.lua:2035>

Executing LspAttach Autocommands for "*"
autocommand <Lua 467: /nix/store/4j3ikf0rp2lgd9gqf79vinlqfwh465db-init.lua:2051>

Executing LspAttach Autocommands for "*"
autocommand <Lua 743: /nix/store/9z1bymfdzlcj4sd1panwp6vvg9xjvsfw-vim-pack-dir/pack/myNeovimPackages/start/noice.nvim/lua/noice/lsp/signature.lua:54>

Executing LspAttach Autocommands for "*"
autocommand <Lua 455: /nix/store/9z1bymfdzlcj4sd1panwp6vvg9xjvsfw-vim-pack-dir/pack/myNeovimPackages/start/which-key.nvim/lua/which-key/state.lua:126>

Executing LspNotify Autocommands for "*"
autocommand <Lua 118: /nix/store/g2fc5ikh6hnm5mhwbly2agcv01hn9fqk-neovim-unwrapped-0.11.4/share/nvim/runtime/lua/vim/lsp/inlay_hint.lua:251>

Executing LspNotify Autocommands for "<buffer=1>"
autocommand <Lua 132: /nix/store/9z1bymfdzlcj4sd1panwp6vvg9xjvsfw-vim-pack-dir/pack/myNeovimPackages/start/lspsaga.nvim/lua/lspsaga/symbol/head.lua:36>

Executing LspNotify Autocommands for "<buffer=1>"
autocommand <Lua 887: /nix/store/g2fc5ikh6hnm5mhwbly2agcv01hn9fqk-neovim-unwrapped-0.11.4/share/nvim/runtime/lua/vim/lsp/diagnostic.lua:363>

Executing LspRequest Autocommands for "*"
autocommand <Lua 589: /nix/store/9z1bymfdzlcj4sd1panwp6vvg9xjvsfw-vim-pack-dir/pack/myNeovimPackages/start/nvim-treesitter-context/lua/treesitter-context.lua:233>

Executing LspRequest Autocommands for "*"
autocommand <Lua 589: /nix/store/9z1bymfdzlcj4sd1panwp6vvg9xjvsfw-vim-pack-dir/pack/myNeovimPackages/start/nvim-treesitter-context/lua/treesitter-context.lua:233>

Executing LspRequest Autocommands for "*"
autocommand <Lua 589: /nix/store/9z1bymfdzlcj4sd1panwp6vvg9xjvsfw-vim-pack-dir/pack/myNeovimPackages/start/nvim-treesitter-context/lua/treesitter-context.lua:233>

Executing LspRequest Autocommands for "*"
autocommand <Lua 589: /nix/store/9z1bymfdzlcj4sd1panwp6vvg9xjvsfw-vim-pack-dir/pack/myNeovimPackages/start/nvim-treesitter-context/lua/treesitter-context.lua:233>

Executing LspRequest Autocommands for "*"
autocommand <Lua 589: /nix/store/9z1bymfdzlcj4sd1panwp6vvg9xjvsfw-vim-pack-dir/pack/myNeovimPackages/start/nvim-treesitter-context/lua/treesitter-context.lua:233>

Executing WinClosed Autocommands for "*"
autocommand <Lua 196: /nix/store/9z1bymfdzlcj4sd1panwp6vvg9xjvsfw-vim-pack-dir/pack/myNeovimPackages/start/nvim-ufo/lua/ufo/main.lua:30>

Executing WinClosed Autocommands for "*"
autocommand <Lua 290: /nix/store/9z1bymfdzlcj4sd1panwp6vvg9xjvsfw-vim-pack-dir/pack/myNeovimPackages/start/edgy.nvim/lua/edgy/editor.lua:37>

Executing WinClosed Autocommands for "*"
autocommand <Lua 373: /nix/store/9z1bymfdzlcj4sd1panwp6vvg9xjvsfw-vim-pack-dir/pack/myNeovimPackages/start/diffview.nvim/lua/diffview/init.lua:77>

Executing WinClosed Autocommands for "*"
autocommand <Lua 483: /nix/store/9z1bymfdzlcj4sd1panwp6vvg9xjvsfw-vim-pack-dir/pack/myNeovimPackages/start/vimplugin-tabby/lua/tabby/feature/win_name.lua:39>

Executing WinClosed Autocommands for "*"
autocommand <Lua 558: /nix/store/ws44d4qh216jmcrvdm6p75jp2kj7xd4r-vimplugin-neo-tree.nvim-2025-09-02/plugin/neo-tree.lua:91>

Executing WinClosed Autocommands for "*"
autocommand <Lua 150: /nix/store/9z1bymfdzlcj4sd1panwp6vvg9xjvsfw-vim-pack-dir/pack/myNeovimPackages/start/nvim-treesitter-context/lua/treesitter-context.lua:72>

Executing WinClosed Autocommands for "1007"
autocommand <Lua 892: /nix/store/9z1bymfdzlcj4sd1panwp6vvg9xjvsfw-vim-pack-dir/pack/myNeovimPackages/start/snacks.nvim/lua/snacks/win.lua:464>

Executing BufWinLeave Autocommands for "*"
autocommand <Lua 487: /nix/store/9z1bymfdzlcj4sd1panwp6vvg9xjvsfw-vim-pack-dir/pack/myNeovimPackages/start/vimplugin-tabby/lua/tabby/feature/win_name.lua:39>

Executing OptionSet Autocommands for "*"
autocommand <Lua 154: /nix/store/9z1bymfdzlcj4sd1panwp6vvg9xjvsfw-vim-pack-dir/pack/myNeovimPackages/start/nvim-treesitter-context/lua/treesitter-context.lua:142>

Executing FileType Autocommands for "*"
autocommand if !exists('b:ts_highlight') | 0verbose exe "set syntax=" . expand("<amatch>") | endif

Executing LspDetach Autocommands for "*"
autocommand <Lua 120: /nix/store/g2fc5ikh6hnm5mhwbly2agcv01hn9fqk-neovim-unwrapped-0.11.4/share/nvim/runtime/lua/vim/lsp/inlay_hint.lua:289>

Executing LspDetach Autocommands for "*"
autocommand <Lua 223: /nix/store/9z1bymfdzlcj4sd1panwp6vvg9xjvsfw-vim-pack-dir/pack/myNeovimPackages/start/lspsaga.nvim/lua/lspsaga/codeaction/lightbulb.lua:200>

Executing LspDetach Autocommands for "*"
autocommand <Lua 225: /nix/store/9z1bymfdzlcj4sd1panwp6vvg9xjvsfw-vim-pack-dir/pack/myNeovimPackages/start/lspsaga.nvim/lua/lspsaga/symbol/head.lua:194>

Executing LspDetach Autocommands for "*"
autocommand <Lua 456: /nix/store/9z1bymfdzlcj4sd1panwp6vvg9xjvsfw-vim-pack-dir/pack/myNeovimPackages/start/which-key.nvim/lua/which-key/state.lua:126>

Executing DiagnosticChanged Autocommands for "*"
autocommand <Lua 145: vim/_editor.lua:0>

Executing BufUnload Autocommands for "*"
autocommand <Lua 996: /nix/store/9z1bymfdzlcj4sd1panwp6vvg9xjvsfw-vim-pack-dir/pack/myNeovimPackages/start/copilot.lua/lua/copilot/suggestion/init.lua:852>

Executing BufUnload Autocommands for "*"
autocommand <Lua 618: /nix/store/9z1bymfdzlcj4sd1panwp6vvg9xjvsfw-vim-pack-dir/pack/myNeovimPackages/start/vim-illuminate/lua/illuminate/engine.lua:85>

Executing BufWipeout Autocommands for "<buffer=7>"
autocommand <Lua 1050: /nix/store/g2fc5ikh6hnm5mhwbly2agcv01hn9fqk-neovim-unwrapped-0.11.4/share/nvim/runtime/lua/vim/diagnostic.lua:395>

auto-removing autocommand: BufWipeout <buffer=7>
auto-removing autocommand: BufWritePost <buffer=7>
auto-removing autocommand: BufWritePre <buffer=7>
Executing LspNotify Autocommands for "*"
autocommand <Lua 118: /nix/store/g2fc5ikh6hnm5mhwbly2agcv01hn9fqk-neovim-unwrapped-0.11.4/share/nvim/runtime/lua/vim/lsp/inlay_hint.lua:251>

Executing LspNotify Autocommands for "<buffer=1>"
autocommand <Lua 132: /nix/store/9z1bymfdzlcj4sd1panwp6vvg9xjvsfw-vim-pack-dir/pack/myNeovimPackages/start/lspsaga.nvim/lua/lspsaga/symbol/head.lua:36>

Executing LspNotify Autocommands for "<buffer=1>"
autocommand <Lua 887: /nix/store/g2fc5ikh6hnm5mhwbly2agcv01hn9fqk-neovim-unwrapped-0.11.4/share/nvim/runtime/lua/vim/lsp/diagnostic.lua:363>

Executing LspRequest Autocommands for "*"
autocommand <Lua 589: /nix/store/9z1bymfdzlcj4sd1panwp6vvg9xjvsfw-vim-pack-dir/pack/myNeovimPackages/start/nvim-treesitter-context/lua/treesitter-context.lua:233>

Executing LspRequest Autocommands for "*"
autocommand <Lua 589: /nix/store/9z1bymfdzlcj4sd1panwp6vvg9xjvsfw-vim-pack-dir/pack/myNeovimPackages/start/nvim-treesitter-context/lua/treesitter-context.lua:233>

Executing LspRequest Autocommands for "*"
autocommand <Lua 589: /nix/store/9z1bymfdzlcj4sd1panwp6vvg9xjvsfw-vim-pack-dir/pack/myNeovimPackages/start/nvim-treesitter-context/lua/treesitter-context.lua:233>

Defining diagnostic signs with :sign-define or sign_define() is deprecated. Run ":checkhealth vim.deprecated" for more information
Executing DiagnosticChanged Autocommands for "*"
autocommand <Lua 145: vim/_editor.lua:0>

Executing BufNew Autocommands for "*"
autocommand <Lua 458: /nix/store/9z1bymfdzlcj4sd1panwp6vvg9xjvsfw-vim-pack-dir/pack/myNeovimPackages/start/which-key.nvim/lua/which-key/state.lua:135>

Executing OptionSet Autocommands for "*"
autocommand <Lua 154: /nix/store/9z1bymfdzlcj4sd1panwp6vvg9xjvsfw-vim-pack-dir/pack/myNeovimPackages/start/nvim-treesitter-context/lua/treesitter-context.lua:142>

Executing OptionSet Autocommands for "*"
autocommand <Lua 154: /nix/store/9z1bymfdzlcj4sd1panwp6vvg9xjvsfw-vim-pack-dir/pack/myNeovimPackages/start/nvim-treesitter-context/lua/treesitter-context.lua:142>

Executing OptionSet Autocommands for "*"
autocommand <Lua 154: /nix/store/9z1bymfdzlcj4sd1panwp6vvg9xjvsfw-vim-pack-dir/pack/myNeovimPackages/start/nvim-treesitter-context/lua/treesitter-context.lua:142>

Executing OptionSet Autocommands for "*"
autocommand <Lua 154: /nix/store/9z1bymfdzlcj4sd1panwp6vvg9xjvsfw-vim-pack-dir/pack/myNeovimPackages/start/nvim-treesitter-context/lua/treesitter-context.lua:142>

Executing OptionSet Autocommands for "*"
autocommand <Lua 154: /nix/store/9z1bymfdzlcj4sd1panwp6vvg9xjvsfw-vim-pack-dir/pack/myNeovimPackages/start/nvim-treesitter-context/lua/treesitter-context.lua:142>

Executing OptionSet Autocommands for "*"
autocommand <Lua 154: /nix/store/9z1bymfdzlcj4sd1panwp6vvg9xjvsfw-vim-pack-dir/pack/myNeovimPackages/start/nvim-treesitter-context/lua/treesitter-context.lua:142>

Executing FileType Autocommands for "*"
autocommand call s:LoadFTPlugin()

not found in runtime path: "ftplugin/snacks_notif[.]{vim,lua} ftplugin/snacks_notif_*.{vim,lua} ftplugin/snacks_notif/*.{vim,lua}"
Executing FileType Autocommands for "*"
autocommand call s:LoadIndent()

not found in runtime path: "indent/snacks_notif[.]{vim,lua}"
Executing FileType Autocommands for "*"
autocommand <Lua 158: /nix/store/9z1bymfdzlcj4sd1panwp6vvg9xjvsfw-vim-pack-dir/pack/myNeovimPackages/start/nvim-treesitter/lua/nvim-treesitter/install.lua:558>

Executing FileType Autocommands for "*"
autocommand <Lua 238: /nix/store/9z1bymfdzlcj4sd1panwp6vvg9xjvsfw-vim-pack-dir/pack/myNeovimPackages/start/indent-blankline.nvim/lua/ibl/autocmds.lua:26>

Executing FileType Autocommands for "*"
autocommand <Lua 295: /nix/store/9z1bymfdzlcj4sd1panwp6vvg9xjvsfw-vim-pack-dir/pack/myNeovimPackages/start/edgy.nvim/lua/edgy/config.lua:164>

Executing FileType Autocommands for "*"
autocommand <Lua 977: /nix/store/9z1bymfdzlcj4sd1panwp6vvg9xjvsfw-vim-pack-dir/pack/myNeovimPackages/start/copilot.lua/lua/copilot/client/init.lua:216>

Executing FileType Autocommands for "*"
autocommand if !exists('b:ts_highlight') | 0verbose exe "set syntax=" . expand("<amatch>") | endif

Executing FileType Autocommands for "*"
autocommand <Lua 585: /nix/store/9z1bymfdzlcj4sd1panwp6vvg9xjvsfw-vim-pack-dir/pack/myNeovimPackages/start/nvim-treesitter/lua/nvim-treesitter/configs.lua:132>

Executing FileType Autocommands for "*"
autocommand <Lua 586: /nix/store/9z1bymfdzlcj4sd1panwp6vvg9xjvsfw-vim-pack-dir/pack/myNeovimPackages/start/nvim-treesitter/lua/nvim-treesitter/configs.lua:132>

Executing FileType Autocommands for "*"
autocommand <Lua 587: /nix/store/9z1bymfdzlcj4sd1panwp6vvg9xjvsfw-vim-pack-dir/pack/myNeovimPackages/start/nvim-treesitter/lua/nvim-treesitter/configs.lua:132>

Executing FileType Autocommands for "*"
autocommand <Lua 592: /nix/store/9z1bymfdzlcj4sd1panwp6vvg9xjvsfw-vim-pack-dir/pack/myNeovimPackages/start/nvim-treesitter/lua/nvim-treesitter/configs.lua:132>

Executing FileType Autocommands for "*"
autocommand <Lua 593: /nix/store/9z1bymfdzlcj4sd1panwp6vvg9xjvsfw-vim-pack-dir/pack/myNeovimPackages/start/nvim-treesitter/lua/nvim-treesitter/configs.lua:132>

Executing FileType Autocommands for "*"
autocommand <Lua 594: /nix/store/9z1bymfdzlcj4sd1panwp6vvg9xjvsfw-vim-pack-dir/pack/myNeovimPackages/start/nvim-treesitter/lua/nvim-treesitter/configs.lua:132>

Executing FileType Autocommands for "*"
autocommand <Lua 617: /nix/store/9z1bymfdzlcj4sd1panwp6vvg9xjvsfw-vim-pack-dir/pack/myNeovimPackages/start/vim-illuminate/lua/illuminate/engine.lua:58>

Executing FileType Autocommands for "*"
autocommand <Lua 632: /nix/store/g2fc5ikh6hnm5mhwbly2agcv01hn9fqk-neovim-unwrapped-0.11.4/share/nvim/runtime/lua/vim/lsp.lua:613>

Executing FileType Autocommands for "*"
autocommand call v:lua.require'lualine'.refresh({'kind': 'window', 'place': ['statusline'], 'trigger': 'autocmd'})

Executing OptionSet Autocommands for "filetype"
autocommand <Lua 200: /nix/store/9z1bymfdzlcj4sd1panwp6vvg9xjvsfw-vim-pack-dir/pack/myNeovimPackages/start/nvim-ufo/lua/ufo/main.lua:51>

Executing OptionSet Autocommands for "*"
autocommand <Lua 154: /nix/store/9z1bymfdzlcj4sd1panwp6vvg9xjvsfw-vim-pack-dir/pack/myNeovimPackages/start/nvim-treesitter-context/lua/treesitter-context.lua:142>

Executing OptionSet Autocommands for "*"
autocommand <Lua 154: /nix/store/9z1bymfdzlcj4sd1panwp6vvg9xjvsfw-vim-pack-dir/pack/myNeovimPackages/start/nvim-treesitter-context/lua/treesitter-context.lua:142>

Executing OptionSet Autocommands for "*"
autocommand <Lua 154: /nix/store/9z1bymfdzlcj4sd1panwp6vvg9xjvsfw-vim-pack-dir/pack/myNeovimPackages/start/nvim-treesitter-context/lua/treesitter-context.lua:142>

Executing OptionSet Autocommands for "*"
autocommand <Lua 154: /nix/store/9z1bymfdzlcj4sd1panwp6vvg9xjvsfw-vim-pack-dir/pack/myNeovimPackages/start/nvim-treesitter-context/lua/treesitter-context.lua:142>

Executing OptionSet Autocommands for "*"
autocommand <Lua 154: /nix/store/9z1bymfdzlcj4sd1panwp6vvg9xjvsfw-vim-pack-dir/pack/myNeovimPackages/start/nvim-treesitter-context/lua/treesitter-context.lua:142>

Executing OptionSet Autocommands for "listchars"
autocommand <Lua 242: /nix/store/9z1bymfdzlcj4sd1panwp6vvg9xjvsfw-vim-pack-dir/pack/myNeovimPackages/start/indent-blankline.nvim/lua/ibl/autocmds.lua:33>

Executing OptionSet Autocommands for "*"
autocommand <Lua 154: /nix/store/9z1bymfdzlcj4sd1panwp6vvg9xjvsfw-vim-pack-dir/pack/myNeovimPackages/start/nvim-treesitter-context/lua/treesitter-context.lua:142>

Executing OptionSet Autocommands for "*"
autocommand <Lua 154: /nix/store/9z1bymfdzlcj4sd1panwp6vvg9xjvsfw-vim-pack-dir/pack/myNeovimPackages/start/nvim-treesitter-context/lua/treesitter-context.lua:142>

Executing OptionSet Autocommands for "*"
autocommand <Lua 154: /nix/store/9z1bymfdzlcj4sd1panwp6vvg9xjvsfw-vim-pack-dir/pack/myNeovimPackages/start/nvim-treesitter-context/lua/treesitter-context.lua:142>

Executing OptionSet Autocommands for "*"
autocommand <Lua 154: /nix/store/9z1bymfdzlcj4sd1panwp6vvg9xjvsfw-vim-pack-dir/pack/myNeovimPackages/start/nvim-treesitter-context/lua/treesitter-context.lua:142>

Executing OptionSet Autocommands for "*"
autocommand <Lua 154: /nix/store/9z1bymfdzlcj4sd1panwp6vvg9xjvsfw-vim-pack-dir/pack/myNeovimPackages/start/nvim-treesitter-context/lua/treesitter-context.lua:142>

Executing OptionSet Autocommands for "*"
autocommand <Lua 154: /nix/store/9z1bymfdzlcj4sd1panwp6vvg9xjvsfw-vim-pack-dir/pack/myNeovimPackages/start/nvim-treesitter-context/lua/treesitter-context.lua:142>

Executing OptionSet Autocommands for "*"
autocommand <Lua 154: /nix/store/9z1bymfdzlcj4sd1panwp6vvg9xjvsfw-vim-pack-dir/pack/myNeovimPackages/start/nvim-treesitter-context/lua/treesitter-context.lua:142>

Executing OptionSet Autocommands for "*"
autocommand <Lua 154: /nix/store/9z1bymfdzlcj4sd1panwp6vvg9xjvsfw-vim-pack-dir/pack/myNeovimPackages/start/nvim-treesitter-context/lua/treesitter-context.lua:142>

Executing OptionSet Autocommands for "*"
autocommand <Lua 154: /nix/store/9z1bymfdzlcj4sd1panwp6vvg9xjvsfw-vim-pack-dir/pack/myNeovimPackages/start/nvim-treesitter-context/lua/treesitter-context.lua:142>

Executing OptionSet Autocommands for "*"
autocommand <Lua 154: /nix/store/9z1bymfdzlcj4sd1panwp6vvg9xjvsfw-vim-pack-dir/pack/myNeovimPackages/start/nvim-treesitter-context/lua/treesitter-context.lua:142>

Executing OptionSet Autocommands for "*"
autocommand <Lua 154: /nix/store/9z1bymfdzlcj4sd1panwp6vvg9xjvsfw-vim-pack-dir/pack/myNeovimPackages/start/nvim-treesitter-context/lua/treesitter-context.lua:142>

Executing OptionSet Autocommands for "*"
autocommand <Lua 154: /nix/store/9z1bymfdzlcj4sd1panwp6vvg9xjvsfw-vim-pack-dir/pack/myNeovimPackages/start/nvim-treesitter-context/lua/treesitter-context.lua:142>

Executing OptionSet Autocommands for "*"
autocommand <Lua 154: /nix/store/9z1bymfdzlcj4sd1panwp6vvg9xjvsfw-vim-pack-dir/pack/myNeovimPackages/start/nvim-treesitter-context/lua/treesitter-context.lua:142>

Executing OptionSet Autocommands for "list"
autocommand <Lua 241: /nix/store/9z1bymfdzlcj4sd1panwp6vvg9xjvsfw-vim-pack-dir/pack/myNeovimPackages/start/indent-blankline.nvim/lua/ibl/autocmds.lua:33>

Executing OptionSet Autocommands for "*"
autocommand <Lua 154: /nix/store/9z1bymfdzlcj4sd1panwp6vvg9xjvsfw-vim-pack-dir/pack/myNeovimPackages/start/nvim-treesitter-context/lua/treesitter-context.lua:142>

Executing Syntax Autocommands for "*"
autocommand call s:SynSet()

Executing OptionSet Autocommands for "syntax"
autocommand <Lua 201: /nix/store/9z1bymfdzlcj4sd1panwp6vvg9xjvsfw-vim-pack-dir/pack/myNeovimPackages/start/nvim-ufo/lua/ufo/main.lua:51>

Executing OptionSet Autocommands for "*"
autocommand <Lua 154: /nix/store/9z1bymfdzlcj4sd1panwp6vvg9xjvsfw-vim-pack-dir/pack/myNeovimPackages/start/nvim-treesitter-context/lua/treesitter-context.lua:142>

Executing OptionSet Autocommands for "*"
autocommand <Lua 154: /nix/store/9z1bymfdzlcj4sd1panwp6vvg9xjvsfw-vim-pack-dir/pack/myNeovimPackages/start/nvim-treesitte